,compound_id,assay_id,compound_molregno,pref_name,assay_organism,td_organism,relationship_type,standard_relation,standard_value,standard_units,standard_type,activity_comment,doc_id,tid,parent_type,target_type,confidence_score,smiles
0,CHEMBL317634,CHEMBL666249,169168,Cytochrome P450 3A5,Oryctolagus cuniculus,Homo sapiens,H,=,203.0,,Rate,,7313,12739,PROTEIN,SINGLE PROTEIN,8,COc1cc(C[C@@H](C)N)c(OC)cc1C
1,CHEMBL1164560,CHEMBL1167168,645778,Cytochrome P450 3A5,Homo sapiens,Homo sapiens,D,=,20.0,%,Inhibition,,51573,12739,PROTEIN,SINGLE PROTEIN,9,CCCCOC(=O)NS(=O)(=O)c1sc(CC(C)C)cc1c2ccc(Cn3cccn3)cc2
2,CHEMBL1164870,CHEMBL1167168,645837,Cytochrome P450 3A5,Homo sapiens,Homo sapiens,D,=,25.0,%,Inhibition,,51573,12739,PROTEIN,SINGLE PROTEIN,9,CCCCOC(=O)NS(=O)(=O)c1sc(CC(C)C)cc1c2ccc(CN3CCCC3=O)cc2
3,CHEMBL1165175,CHEMBL1167168,646026,Cytochrome P450 3A5,Homo sapiens,Homo sapiens,D,=,17.0,%,Inhibition,,51573,12739,PROTEIN,SINGLE PROTEIN,9,CCCCOC(=O)NS(=O)(=O)c1sc(CC(C)C)cc1c2ccc(cc2)C(=O)c3nccn3C
4,CHEMBL233194,CHEMBL1658787,395530,Cytochrome P450 3A5,Homo sapiens,Homo sapiens,D,=,100.0,%,Activity,,55271,12739,PROTEIN,SINGLE PROTEIN,9,O=C(N\N=C\c1cccs1)c2ccc3OCOc3c2
5,CHEMBL1078442,CHEMBL1743482,618322,Cytochrome P450 3A5,Homo sapiens,Homo sapiens,D,=,20000.0,nM,Ki,Cytochrome P450 mechanistic inhibitor: PMID 15608076,56168,12739,PROTEIN,SINGLE PROTEIN,9,CC(=CCC\C(=C\COc1c2C=CC(=O)Oc2cc3occc13)\C)C
6,CHEMBL1078442,CHEMBL1743482,618322,Cytochrome P450 3A5,Homo sapiens,Homo sapiens,D,=,0.045,min-1,Kinact,Cytochrome P450 mechanistic inhibitor: PMID 15608076,56168,12739,PROTEIN,SINGLE PROTEIN,9,CC(=CCC\C(=C\COc1c2C=CC(=O)Oc2cc3occc13)\C)C
7,CHEMBL163,CHEMBL1743483,88100,Cytochrome P450 3A5,Homo sapiens,Homo sapiens,D,=,120.0,nM,Ki,Cytochrome P450 mechanistic inhibitor: PMID 15523003,56168,12739,PROTEIN,SINGLE PROTEIN,9,CC(C)[C@H](NC(=O)N(C)Cc1csc(n1)C(C)C)C(=O)N[C@H](C[C@H](O)[C@H](Cc2ccccc2)NC(=O)OCc3cncs3)Cc4ccccc4
8,CHEMBL163,CHEMBL1743483,88100,Cytochrome P450 3A5,Homo sapiens,Homo sapiens,D,=,0.08,min-1,Kinact,Cytochrome P450 mechanistic inhibitor: PMID 15523003,56168,12739,PROTEIN,SINGLE PROTEIN,9,CC(C)[C@H](NC(=O)N(C)Cc1csc(n1)C(C)C)C(=O)N[C@H](C[C@H](O)[C@H](Cc2ccccc2)NC(=O)OCc3cncs3)Cc4ccccc4
9,CHEMBL115,CHEMBL1743483,17170,Cytochrome P450 3A5,Homo sapiens,Homo sapiens,D,,,,mechanism based inhibition,Cytochrome P450 mechanistic inhibitor: PMID 15523003,56168,12739,PROTEIN,SINGLE PROTEIN,9,CC(C)(C)NC(=O)[C@@H]1CN(Cc2cccnc2)CCN1C[C@@H](O)C[C@@H](Cc3ccccc3)C(=O)N[C@@H]4[C@H](O)Cc5ccccc45
10,CHEMBL114,CHEMBL1743483,17169,Cytochrome P450 3A5,Homo sapiens,Homo sapiens,D,,,,mechanism based inhibition,Cytochrome P450 mechanistic inhibitor: PMID 15523003,56168,12739,PROTEIN,SINGLE PROTEIN,9,CC(C)(C)NC(=O)[C@@H]1C[C@@H]2CCCC[C@@H]2CN1C[C@@H](O)[C@H](Cc3ccccc3)NC(=O)[C@H](CC(=O)N)NC(=O)c4ccc5ccccc5n4
11,CHEMBL2103760,CHEMBL1743484,1376030,Cytochrome P450 3A5,Homo sapiens,Homo sapiens,D,,,,mechanism based inhibition,Cytochrome P450 mechanistic inhibitor: PMID 14709627,56168,12739,PROTEIN,SINGLE PROTEIN,9,CC[C@]1(C)C[C@@H](OC(=O)CSc2nnc(N)[nH]2)[C@]3(C)[C@H](C)CC[C@]4(CCC(=O)[C@@H]34)[C@@H](C)[C@@H]1O
12,CHEMBL116,CHEMBL1743485,17347,Cytochrome P450 3A5,Homo sapiens,Homo sapiens,D,=,200.0,nM,Ki,Cytochrome P450 mechanistic inhibitor: PMID 15523003,56168,12739,PROTEIN,SINGLE PROTEIN,9,CC(C)CN(C[C@@H](O)[C@H](Cc1ccccc1)NC(=O)O[C@H]2CCOC2)S(=O)(=O)c3ccc(N)cc3
13,CHEMBL584,CHEMBL1743485,17224,Cytochrome P450 3A5,Homo sapiens,Homo sapiens,D,=,570.0,nM,Ki,Cytochrome P450 mechanistic inhibitor: PMID 15523003,56168,12739,PROTEIN,SINGLE PROTEIN,9,Cc1c(O)cccc1C(=O)N[C@@H](CSc2ccccc2)[C@H](O)CN3C[C@H]4CCCC[C@H]4C[C@H]3C(=O)NC(C)(C)C
14,CHEMBL116,CHEMBL1743485,17347,Cytochrome P450 3A5,Homo sapiens,Homo sapiens,D,=,0.35,min-1,Kinact,Cytochrome P450 mechanistic inhibitor: PMID 15523003,56168,12739,PROTEIN,SINGLE PROTEIN,9,CC(C)CN(C[C@@H](O)[C@H](Cc1ccccc1)NC(=O)O[C@H]2CCOC2)S(=O)(=O)c3ccc(N)cc3
15,CHEMBL584,CHEMBL1743485,17224,Cytochrome P450 3A5,Homo sapiens,Homo sapiens,D,=,0.47,min-1,Kinact,Cytochrome P450 mechanistic inhibitor: PMID 15523003,56168,12739,PROTEIN,SINGLE PROTEIN,9,Cc1c(O)cccc1C(=O)N[C@@H](CSc2ccccc2)[C@H](O)CN3C[C@H]4CCCC[C@H]4C[C@H]3C(=O)NC(C)(C)C
16,CHEMBL1298,CHEMBL1743486,255870,Cytochrome P450 3A5,Homo sapiens,Homo sapiens,D,=,4530.0,nM,Ki,Cytochrome P450 mechanistic inhibitor: PMID 15689501,56168,12739,PROTEIN,SINGLE PROTEIN,9,COc1ccc(CCNCCCC(C#N)(C(C)C)c2ccc(OC)c(OC)c2)cc1OC
17,CHEMBL1298,CHEMBL1743486,255870,Cytochrome P450 3A5,Homo sapiens,Homo sapiens,D,=,0.07,min-1,Kinact,Cytochrome P450 mechanistic inhibitor: PMID 15689501,56168,12739,PROTEIN,SINGLE PROTEIN,9,COc1ccc(CCNCCCC(C#N)(C(C)C)c2ccc(OC)c(OC)c2)cc1OC
18,CHEMBL1078442,CHEMBL1743513,618322,Cytochrome P450 3A5,Homo sapiens,Homo sapiens,D,=,20.0,,Partition ratio,Cytochrome P450 mechanistic inhibitor: PMID 15608076,56168,12739,PROTEIN,SINGLE PROTEIN,9,CC(=CCC\C(=C\COc1c2C=CC(=O)Oc2cc3occc13)\C)C
19,CHEMBL1951321,CHEMBL1953082,1280307,Cytochrome P450 3A5,Homo sapiens,Homo sapiens,D,=,60000.0,nM,IC50,,61146,12739,PROTEIN,SINGLE PROTEIN,9,Brc1ccc(NC(=O)Nc2ccc(cc2)c3ccnc4[nH]cnc34)cc1
20,CHEMBL1951322,CHEMBL1953082,1280308,Cytochrome P450 3A5,Homo sapiens,Homo sapiens,D,=,6100.0,nM,IC50,,61146,12739,PROTEIN,SINGLE PROTEIN,9,Clc1ccccc1NC(=O)Nc2ccc(cc2)c3ccnc4[nH]cnc34
21,CHEMBL1951323,CHEMBL1953082,1280309,Cytochrome P450 3A5,Homo sapiens,Homo sapiens,D,=,11400.0,nM,IC50,,61146,12739,PROTEIN,SINGLE PROTEIN,9,Fc1cccc(NC(=O)Nc2ccc(cc2)c3ccnc4[nH]cnc34)c1
22,CHEMBL1951324,CHEMBL1953082,1280310,Cytochrome P450 3A5,Homo sapiens,Homo sapiens,D,=,52000.0,nM,IC50,,61146,12739,PROTEIN,SINGLE PROTEIN,9,Clc1cccc(NC(=O)Nc2ccc(cc2)c3ccnc4[nH]cnc34)c1
23,CHEMBL1951325,CHEMBL1953082,1280311,Cytochrome P450 3A5,Homo sapiens,Homo sapiens,D,=,11400.0,nM,IC50,,61146,12739,PROTEIN,SINGLE PROTEIN,9,Brc1cccc(NC(=O)Nc2ccc(cc2)c3ccnc4[nH]cnc34)c1
24,CHEMBL1951326,CHEMBL1953082,1280312,Cytochrome P450 3A5,Homo sapiens,Homo sapiens,D,=,44000.0,nM,IC50,,61146,12739,PROTEIN,SINGLE PROTEIN,9,O=C(Nc1ccccc1)Nc2ccc(cc2)c3ccnc4[nH]cnc34
25,CHEMBL1951328,CHEMBL1953082,1280314,Cytochrome P450 3A5,Homo sapiens,Homo sapiens,D,=,31500.0,nM,IC50,,61146,12739,PROTEIN,SINGLE PROTEIN,9,[O-][N+](=O)c1cccc(NC(=O)Nc2ccc(cc2)c3ccnc4[nH]cnc34)c1
26,CHEMBL1951335,CHEMBL1953082,1280321,Cytochrome P450 3A5,Homo sapiens,Homo sapiens,D,=,20300.0,nM,IC50,,61146,12739,PROTEIN,SINGLE PROTEIN,9,CCNC(=O)c1cccc(NC(=O)Nc2ccc(cc2)c3ccnc4[nH]cnc34)c1
27,CHEMBL1951337,CHEMBL1953082,1280323,Cytochrome P450 3A5,Homo sapiens,Homo sapiens,D,=,60000.0,nM,IC50,,61146,12739,PROTEIN,SINGLE PROTEIN,9,CN(C)C(=O)c1cccc(NC(=O)Nc2ccc(cc2)c3ccnc4[nH]cnc34)c1
28,CHEMBL1951338,CHEMBL1953082,1280324,Cytochrome P450 3A5,Homo sapiens,Homo sapiens,D,=,8600.0,nM,IC50,,61146,12739,PROTEIN,SINGLE PROTEIN,9,CCN(CC)C(=O)c1cccc(NC(=O)Nc2ccc(cc2)c3ccnc4[nH]cnc34)c1
29,CHEMBL1951339,CHEMBL1953082,1280325,Cytochrome P450 3A5,Homo sapiens,Homo sapiens,D,=,1600.0,nM,IC50,,61146,12739,PROTEIN,SINGLE PROTEIN,9,CC(C)N(C(C)C)C(=O)c1cccc(NC(=O)Nc2ccc(cc2)c3ccnc4[nH]cnc34)c1
30,CHEMBL1951341,CHEMBL1953082,1280327,Cytochrome P450 3A5,Homo sapiens,Homo sapiens,D,=,6900.0,nM,IC50,,61146,12739,PROTEIN,SINGLE PROTEIN,9,O=C(Nc1ccc(cc1)c2ccnc3[nH]cnc23)Nc4cccc(c4)C(=O)NC5CCCC5
31,CHEMBL1951342,CHEMBL1953082,1280328,Cytochrome P450 3A5,Homo sapiens,Homo sapiens,D,=,5500.0,nM,IC50,,61146,12739,PROTEIN,SINGLE PROTEIN,9,O=C(Nc1ccc(cc1)c2ccnc3[nH]cnc23)Nc4cccc(c4)C(=O)N5CCCCC5
32,CHEMBL1951343,CHEMBL1953082,1280329,Cytochrome P450 3A5,Homo sapiens,Homo sapiens,D,=,60000.0,nM,IC50,,61146,12739,PROTEIN,SINGLE PROTEIN,9,O=C(Nc1ccc(cc1)c2ccnc3[nH]cnc23)Nc4cccc(c4)C(=O)N5CCOCC5
33,CHEMBL1951344,CHEMBL1953082,1280330,Cytochrome P450 3A5,Homo sapiens,Homo sapiens,D,=,34000.0,nM,IC50,,61146,12739,PROTEIN,SINGLE PROTEIN,9,CC(C)NC(=O)c1cccc(NC(=O)Nc2ccc(cc2)c3ncnc4[nH]ccc34)c1
34,CHEMBL1951346,CHEMBL1953082,1280332,Cytochrome P450 3A5,Homo sapiens,Homo sapiens,D,=,60000.0,nM,IC50,,61146,12739,PROTEIN,SINGLE PROTEIN,9,CC(C)NC(=O)c1cccc(NC(=O)Nc2ccc(cc2)c3ncnc4[nH]cc(C)c34)c1
35,CHEMBL1951347,CHEMBL1953082,1280333,Cytochrome P450 3A5,Homo sapiens,Homo sapiens,D,=,8100.0,nM,IC50,,61146,12739,PROTEIN,SINGLE PROTEIN,9,CCc1c[nH]c2ncnc(c3ccc(NC(=O)Nc4cccc(c4)C(=O)NC(C)C)cc3)c12
36,CHEMBL1951348,CHEMBL1953082,1280334,Cytochrome P450 3A5,Homo sapiens,Homo sapiens,D,=,44000.0,nM,IC50,,61146,12739,PROTEIN,SINGLE PROTEIN,9,CC(C)NC(=O)c1cccc(NC(=O)Nc2ccc(cc2)c3ncnc4[nH]cc(Cl)c34)c1
37,CHEMBL1951443,CHEMBL1953082,1280430,Cytochrome P450 3A5,Homo sapiens,Homo sapiens,D,=,980.0,nM,IC50,,61146,12739,PROTEIN,SINGLE PROTEIN,9,CC(C)NC(=O)c1cccc(NC(=O)Nc2ccc(cc2)c3ccncc3)c1
38,CHEMBL1951444,CHEMBL1953082,1280431,Cytochrome P450 3A5,Homo sapiens,Homo sapiens,D,=,33000.0,nM,IC50,,61146,12739,PROTEIN,SINGLE PROTEIN,9,O=C(Nc1ccc(cc1)c2ccc(cc2)C#N)Nc3ccc(cc3)c4ccnc5[nH]cnc45
39,CHEMBL1951445,CHEMBL1953082,1280432,Cytochrome P450 3A5,Homo sapiens,Homo sapiens,D,=,21000.0,nM,IC50,,61146,12739,PROTEIN,SINGLE PROTEIN,9,Oc1ccc(cc1)c2ccc(NC(=O)Nc3ccc(cc3)c4ccnc5[nH]cnc45)cc2
40,CHEMBL1951447,CHEMBL1953082,1280434,Cytochrome P450 3A5,Homo sapiens,Homo sapiens,D,=,6800.0,nM,IC50,,61146,12739,PROTEIN,SINGLE PROTEIN,9,COc1cccc(c1)c2ccc(NC(=O)Nc3ccc(cc3)c4ccnc5[nH]cnc45)cc2
41,CHEMBL1951448,CHEMBL1953082,1280435,Cytochrome P450 3A5,Homo sapiens,Homo sapiens,D,=,13000.0,nM,IC50,,61146,12739,PROTEIN,SINGLE PROTEIN,9,O=C(Nc1ccc(cc1)c2cccc3ccccc23)Nc4ccc(cc4)c5ccnc6[nH]cnc56
42,CHEMBL1951320,CHEMBL1953084,1280306,Cytochrome P450 3A5,Homo sapiens,Homo sapiens,D,=,34.0,%,Inhibition,,61146,12739,PROTEIN,SINGLE PROTEIN,9,Clc1ccc(NC(=O)Nc2ccc(cc2)c3ccnc4[nH]cnc34)cc1
43,CHEMBL1951327,CHEMBL1953084,1280313,Cytochrome P450 3A5,Homo sapiens,Homo sapiens,D,=,34.0,%,Inhibition,,61146,12739,PROTEIN,SINGLE PROTEIN,9,Cc1cccc(NC(=O)Nc2ccc(cc2)c3ccnc4[nH]cnc34)c1
44,CHEMBL1951329,CHEMBL1953084,1280315,Cytochrome P450 3A5,Homo sapiens,Homo sapiens,D,=,8.0,%,Inhibition,,61146,12739,PROTEIN,SINGLE PROTEIN,9,COC(=O)c1cccc(NC(=O)Nc2ccc(cc2)c3ccnc4[nH]cnc34)c1
45,CHEMBL1951330,CHEMBL1953084,1280316,Cytochrome P450 3A5,Homo sapiens,Homo sapiens,D,=,39.0,%,Inhibition,,61146,12739,PROTEIN,SINGLE PROTEIN,9,COc1ccc(NC(=O)Nc2ccc(cc2)c3ccnc4[nH]cnc34)cc1
46,CHEMBL1951332,CHEMBL1953084,1280318,Cytochrome P450 3A5,Homo sapiens,Homo sapiens,D,=,27.0,%,Inhibition,,61146,12739,PROTEIN,SINGLE PROTEIN,9,CCOC(=O)c1cccc(NC(=O)Nc2ccc(cc2)c3ccnc4[nH]cnc34)c1
47,CHEMBL1951333,CHEMBL1953084,1280319,Cytochrome P450 3A5,Homo sapiens,Homo sapiens,D,=,33.0,%,Inhibition,,61146,12739,PROTEIN,SINGLE PROTEIN,9,OC(=O)c1cccc(NC(=O)Nc2ccc(cc2)c3ccnc4[nH]cnc34)c1
48,CHEMBL1951334,CHEMBL1953084,1280320,Cytochrome P450 3A5,Homo sapiens,Homo sapiens,D,=,45.0,%,Inhibition,,61146,12739,PROTEIN,SINGLE PROTEIN,9,CNC(=O)c1cccc(NC(=O)Nc2ccc(cc2)c3ccnc4[nH]cnc34)c1
49,CHEMBL1951336,CHEMBL1953084,1280322,Cytochrome P450 3A5,Homo sapiens,Homo sapiens,D,=,41.0,%,Inhibition,,61146,12739,PROTEIN,SINGLE PROTEIN,9,CC(C)NC(=O)c1cccc(NC(=O)Nc2ccc(cc2)c3ccnc4[nH]cnc34)c1
50,CHEMBL1951340,CHEMBL1953084,1280326,Cytochrome P450 3A5,Homo sapiens,Homo sapiens,D,=,18.0,%,Inhibition,,61146,12739,PROTEIN,SINGLE PROTEIN,9,O=C(Nc1ccc(cc1)c2ccnc3[nH]cnc23)Nc4cccc(c4)C(=O)Nc5ccccc5
51,CHEMBL1951345,CHEMBL1953084,1280331,Cytochrome P450 3A5,Homo sapiens,Homo sapiens,D,=,25.0,%,Inhibition,,61146,12739,PROTEIN,SINGLE PROTEIN,9,CC(C)NC(=O)c1cccc(NC(=O)Nc2ccc(cc2)c3ncnc4c3ccn4C)c1
52,CHEMBL1951349,CHEMBL1953084,1280335,Cytochrome P450 3A5,Homo sapiens,Homo sapiens,D,=,21.0,%,Inhibition,,61146,12739,PROTEIN,SINGLE PROTEIN,9,CC(C)NC(=O)c1cccc(NC(=O)Nc2ccc(cc2)c3ccnc4[nH]ccc34)c1
53,CHEMBL1951350,CHEMBL1953084,1280336,Cytochrome P450 3A5,Homo sapiens,Homo sapiens,D,=,47.0,%,Inhibition,,61146,12739,PROTEIN,SINGLE PROTEIN,9,CCN1C(=O)Nc2ncnc(c3ccc(NC(=O)Nc4cccc(c4)C(=O)NC(C)C)cc3)c12
54,CHEMBL1951441,CHEMBL1953084,1280428,Cytochrome P450 3A5,Homo sapiens,Homo sapiens,D,=,7.0,%,Inhibition,,61146,12739,PROTEIN,SINGLE PROTEIN,9,CC(C)NC(=O)c1cccc(NC(=O)Nc2ccc(cc2)c3ccnc(N)n3)c1
55,CHEMBL1951442,CHEMBL1953084,1280429,Cytochrome P450 3A5,Homo sapiens,Homo sapiens,D,=,8.0,%,Inhibition,,61146,12739,PROTEIN,SINGLE PROTEIN,9,CC(C)NC(=O)c1cccc(NC(=O)Nc2ccc(cc2)c3ccnc(N)c3)c1
56,CHEMBL1951446,CHEMBL1953084,1280433,Cytochrome P450 3A5,Homo sapiens,Homo sapiens,D,=,26.0,%,Inhibition,,61146,12739,PROTEIN,SINGLE PROTEIN,9,Nc1ccc(cc1)c2ccc(NC(=O)Nc3ccc(cc3)c4ccnc5[nH]cnc45)cc2
57,CHEMBL1951449,CHEMBL1953084,1280436,Cytochrome P450 3A5,Homo sapiens,Homo sapiens,D,=,30.0,%,Inhibition,,61146,12739,PROTEIN,SINGLE PROTEIN,9,O=C(Nc1ccc(cc1)c2cccnc2)Nc3ccc(cc3)c4ccnc5[nH]cnc45
58,CHEMBL1951450,CHEMBL1953084,1280437,Cytochrome P450 3A5,Homo sapiens,Homo sapiens,D,=,29.0,%,Inhibition,,61146,12739,PROTEIN,SINGLE PROTEIN,9,O=C(Nc1ccc(cc1)c2ccncc2)Nc3ccc(cc3)c4ccnc5[nH]cnc45
59,CHEMBL1951331,CHEMBL1953085,1280317,Cytochrome P450 3A5,Homo sapiens,Homo sapiens,D,=,27.0,%,Inhibition,,61146,12739,PROTEIN,SINGLE PROTEIN,9,O=C(Nc1ccc(cc1)c2ccccc2)Nc3ccc(cc3)c4ccnc5[nH]cnc45
60,CHEMBL1956397,CHEMBL1960690,1281918,Cytochrome P450 3A5,Homo sapiens,Homo sapiens,D,=,139000.0,nM,IC50,,61291,12739,PROTEIN,SINGLE PROTEIN,9,NC(=O)C[S+]([O-])Cc1ccccc1c2ccc(Cl)cc2
61,CHEMBL1956397,CHEMBL1960690,1281918,Cytochrome P450 3A5,Homo sapiens,Homo sapiens,D,=,159000.0,nM,IC50,,61291,12739,PROTEIN,SINGLE PROTEIN,9,NC(=O)C[S+]([O-])Cc1ccccc1c2ccc(Cl)cc2
62,CHEMBL2043240,CHEMBL2044478,1349679,Cytochrome P450 3A5,,Homo sapiens,H,=,40000.0,nM,IC50,,62380,12739,PROTEIN,SINGLE PROTEIN,8,NC(=O)C[S+]([O-])Cc1ccccc1Oc2ccc(Cl)c(Cl)c2
63,CHEMBL2043240,CHEMBL2044478,1349679,Cytochrome P450 3A5,,Homo sapiens,H,=,32000.0,nM,IC50,,62380,12739,PROTEIN,SINGLE PROTEIN,8,NC(=O)C[S+]([O-])Cc1ccccc1Oc2ccc(Cl)c(Cl)c2
64,CHEMBL1373,CHEMBL2044628,317124,Cytochrome P450 3A5,,Homo sapiens,H,<,10.0,%,Inhibition,,62380,12739,PROTEIN,SINGLE PROTEIN,8,NC(=O)C[S+]([O-])C(c1ccccc1)c2ccccc2
65,CHEMBL2386384,CHEMBL2390070,1563150,Cytochrome P450 3A5,Homo sapiens,Homo sapiens,D,,,,Inhibition,Not Active,73694,12739,PROTEIN,SINGLE PROTEIN,9,Cc1ccc(nc1)[C@H]2C[C@H](n3ncc(C(=O)NCc4ccc(F)cc4)c3N2)C(F)(F)F
66,CHEMBL2386377,CHEMBL2390070,1563143,Cytochrome P450 3A5,Homo sapiens,Homo sapiens,D,,,,Inhibition,Not Active,73694,12739,PROTEIN,SINGLE PROTEIN,9,Fc1ccc(CNC(=O)c2cnn3[C@@H](C[C@@H](Nc23)c4ccc(OC5COC5)cc4)C(F)(F)F)cc1
67,CHEMBL2386380,CHEMBL2390070,1563146,Cytochrome P450 3A5,Homo sapiens,Homo sapiens,D,,,,Inhibition,Not Active,73694,12739,PROTEIN,SINGLE PROTEIN,9,Cc1ccc(nc1)[C@H]2C[C@@H](C(F)F)n3ncc(C(=O)NCc4ccc(F)cc4)c3N2
68,CHEMBL2386383,CHEMBL2390070,1563149,Cytochrome P450 3A5,Homo sapiens,Homo sapiens,D,,,,Inhibition,Not Active,73694,12739,PROTEIN,SINGLE PROTEIN,9,Cc1ccc(cc1)[C@H]2C[C@H](n3ncc(C(=O)NCc4ccc(F)cc4)c3N2)C(F)(F)F
69,CHEMBL3261331,CHEMBL3266607,1746288,Cytochrome P450 3A5,Homo sapiens,Homo sapiens,D,>,50000.0,nM,IC50,,83112,12739,PROTEIN,SINGLE PROTEIN,9,CC(C)C1=CC(=NNC1=O)Oc2c(Cl)cc(cc2Cl)N3N=C(C#N)C(=O)NC3=O
70,CHEMBL3261331,CHEMBL3266611,1746288,Cytochrome P450 3A5,Homo sapiens,Homo sapiens,D,,,,Inhibition,Not Active,83112,12739,PROTEIN,SINGLE PROTEIN,9,CC(C)C1=CC(=NNC1=O)Oc2c(Cl)cc(cc2Cl)N3N=C(C#N)C(=O)NC3=O
71,CHEMBL3344487,CHEMBL3388983,1796651,Cytochrome P450 3A5,Homo sapiens,Homo sapiens,D,,,,Drug metabolism,metabolite_detected,89591,12739,PROTEIN,SINGLE PROTEIN,9,CCCC#CC1(OC(=O)Nc2c(O)cc(Cl)cc12)C(F)(F)F
72,CHEMBL3359265,CHEMBL3387918,1823432,Cytochrome P450 3A5,Homo sapiens,Homo sapiens,D,,,,Stabilty,Stable,89748,12739,PROTEIN,SINGLE PROTEIN,9,CC(C)n1ncc2CC3(CCN(CC3)C(=O)c4ccc5nc(C)[nH]c5c4)CC(=O)c12
73,CHEMBL3325957,CHEMBL3366639,1786769,Cytochrome P450 3A5,Homo sapiens,Homo sapiens,D,,,,Inhibition,Not Active,90815,12739,PROTEIN,SINGLE PROTEIN,9,CN(C)[C@@]1(CC[C@]2(CC1)OCCc3c2[nH]c4ccc(F)cc34)c5ccccc5.OC(=O)CC(O)(CC(=O)O)C(=O)O
74,CHEMBL2386285,CHEMBL3423890,1563050,Cytochrome P450 3A5,Homo sapiens,Homo sapiens,D,=,723.0,nM,IC50,,91659,12739,PROTEIN,SINGLE PROTEIN,9,CC\C(=C(\c1ccc(O)cc1)/c2ccc(OCCN)cc2)\c3ccccc3
75,CHEMBL3422028,CHEMBL3423890,1841467,Cytochrome P450 3A5,Homo sapiens,Homo sapiens,D,=,556.0,nM,IC50,,91659,12739,PROTEIN,SINGLE PROTEIN,9,CC\C(=C(\c1ccc(O)cc1)/c2ccc(OCCN)cc2)\c3ccc(O)cc3
76,CHEMBL2386285,CHEMBL3423890,1563050,Cytochrome P450 3A5,Homo sapiens,Homo sapiens,D,=,829.0,nM,Ki,,91659,12739,PROTEIN,SINGLE PROTEIN,9,CC\C(=C(\c1ccc(O)cc1)/c2ccc(OCCN)cc2)\c3ccccc3
77,CHEMBL3422028,CHEMBL3423890,1841467,Cytochrome P450 3A5,Homo sapiens,Homo sapiens,D,=,855.0,nM,Ki,,91659,12739,PROTEIN,SINGLE PROTEIN,9,CC\C(=C(\c1ccc(O)cc1)/c2ccc(OCCN)cc2)\c3ccc(O)cc3
78,CHEMBL3508698,CHEMBL3509249,1923867,Cytochrome P450 3A5,Homo sapiens,Homo sapiens,D,=,28700.0,nM,Km,OUTCOME = Detected,91892,12739,PROTEIN,SINGLE PROTEIN,9,[14CH3]C([14CH3])(CNC(=O)[C@@H](C[C@H](O)[C@@H](N)C[C@H](Cc1ccc(OC)c(OCCCOC)c1)C(C)C)C(C)C)C(=O)N.OC(=O)\C=C\C(=O)O
79,CHEMBL3508698,CHEMBL3509258,1923867,Cytochrome P450 3A5,Homo sapiens,Homo sapiens,D,=,1351.7,pmol.min.mg-1,Vmax,OUTCOME = Detected,91892,12739,PROTEIN,SINGLE PROTEIN,9,[14CH3]C([14CH3])(CNC(=O)[C@@H](C[C@H](O)[C@@H](N)C[C@H](Cc1ccc(OC)c(OCCCOC)c1)C(C)C)C(C)C)C(=O)N.OC(=O)\C=C\C(=O)O
80,CHEMBL3508698,CHEMBL3509267,1923867,Cytochrome P450 3A5,Homo sapiens,Homo sapiens,D,=,47.0,ul.min.nmol-1,CL,OUTCOME = Detected,91892,12739,PROTEIN,SINGLE PROTEIN,9,[14CH3]C([14CH3])(CNC(=O)[C@@H](C[C@H](O)[C@@H](N)C[C@H](Cc1ccc(OC)c(OCCCOC)c1)C(C)C)C(C)C)C(=O)N.OC(=O)\C=C\C(=O)O
81,CHEMBL493982,CHEMBL3537999,486977,Cytochrome P450 3A5,Homo sapiens,Homo sapiens,D,=,93.9,%,Compound recovery,,92051,12739,PROTEIN,SINGLE PROTEIN,9,CCOC(=O)N[C@@H]1CC[C@@H]2[C@@H](C1)C[C@@H]3[C@@H]([C@@H](C)OC3=O)[C@H]2\C=C\c4ccc(cn4)c5cccc(F)c5
82,CHEMBL498785,CHEMBL3538009,486840,Cytochrome P450 3A5,Homo sapiens,Homo sapiens,D,=,0.15,%,Compound recovery,,92051,12739,PROTEIN,SINGLE PROTEIN,9,C[C@H]1OC(=O)[C@@H]2C[C@@H]3C[C@H](N)CC[C@H]3[C@H](\C=C\c4ccc(cn4)c5cccc(F)c5)[C@H]12
83,CHEMBL3542336,CHEMBL3538019,1925463,Cytochrome P450 3A5,Homo sapiens,Homo sapiens,D,,,,Drug metabolism,metabolite_not_detected,92051,12739,PROTEIN,SINGLE PROTEIN,9,CCOC(=O)N[C@@H]1CC[C@@H]2[C@@H](C1)C[C@@H]3[C@@H]([C@@H](C)OC3=O)[C@H]2\C=[14CH]\c4ccc(cn4)c5cccc(F)c5
84,CHEMBL3527103,CHEMBL3540847,1924807,Cytochrome P450 3A5,Homo sapiens,Homo sapiens,D,,,,Drug metabolism,metabolite_detected,92114,12739,PROTEIN,SINGLE PROTEIN,9,Cl.COc1ccc2nc(COc3ccc(C[14CH]4SC(=O)NC4=O)cc3)n(C)c2c1
85,CHEMBL42,CHEMBL3541782,2261,Cytochrome P450 3A5,Homo sapiens,Homo sapiens,D,=,0.24,nmol/min,Drug metabolism,,91913,12739,PROTEIN,SINGLE PROTEIN,9,CN1CCN(CC1)C2=Nc3cc(Cl)ccc3Nc4ccccc24
86,CHEMBL385517,CHEMBL3542180,360723,Cytochrome P450 3A5,Homo sapiens,Homo sapiens,D,=,252000.0,nM,Km,,92065,12739,PROTEIN,SINGLE PROTEIN,9,N[C@H](C(=O)N1[C@@H](C[C@@H]2C[C@H]12)C#N)C34CC5CC(CC(O)(C5)C3)C4
87,CHEMBL385517,CHEMBL3542180,360723,Cytochrome P450 3A5,Homo sapiens,Homo sapiens,D,=,24.0,pmol/min,Vmax,,92065,12739,PROTEIN,SINGLE PROTEIN,9,N[C@H](C(=O)N1[C@@H](C[C@@H]2C[C@H]12)C#N)C34CC5CC(CC(O)(C5)C3)C4
88,CHEMBL385517,CHEMBL3542182,360723,Cytochrome P450 3A5,Homo sapiens,Homo sapiens,D,=,0.095,uL/min,Vmax/Km,,92065,12739,PROTEIN,SINGLE PROTEIN,9,N[C@H](C(=O)N1[C@@H](C[C@@H]2C[C@H]12)C#N)C34CC5CC(CC(O)(C5)C3)C4
89,CHEMBL3527103,CHEMBL3538625,1924807,Cytochrome P450 3A5,Homo sapiens,Homo sapiens,D,,,,Drug metabolism,metabolite_detected,92114,12739,PROTEIN,SINGLE PROTEIN,9,Cl.COc1ccc2nc(COc3ccc(C[14CH]4SC(=O)NC4=O)cc3)n(C)c2c1
90,CHEMBL1951575,CHEMBL3537741,1280563,Cytochrome P450 3A5,Homo sapiens,Homo sapiens,D,,,,Drug metabolism,metabolite_detected,91984,12739,PROTEIN,SINGLE PROTEIN,9,CC(C)(C)NC(=O)c1ccc(Oc2cc(F)c(CC(=O)O)cc2Cl)c(NS(=O)(=O)c3ccc(cc3Cl)C4CC4)c1
91,CHEMBL3527324,CHEMBL3537746,1925030,Cytochrome P450 3A5,Homo sapiens,Homo sapiens,D,,,,Drug metabolism,metabolite_detected,91984,12739,PROTEIN,SINGLE PROTEIN,9,CC(C)(CO)NC(=O)c1ccc(Oc2cc(F)c(CC(=O)O)cc2Cl)c(NS(=O)(=O)c3ccc(cc3Cl)C4CC4)c1
92,CHEMBL3527325,CHEMBL3537746,1925031,Cytochrome P450 3A5,Homo sapiens,Homo sapiens,D,,,,Drug metabolism,metabolite_detected,91984,12739,PROTEIN,SINGLE PROTEIN,9,CC(C)(C)NC(=O)c1ccc(Oc2cc(F)c(CC(=O)O)cc2Cl)c(NS(=O)(=O)c3ccc(cc3Cl)C4(O)CC4)c1
93,CHEMBL1951575,CHEMBL3538084,1280563,Cytochrome P450 3A5,Homo sapiens,Homo sapiens,D,,,,Drug metabolism,metabolite_detected,91984,12739,PROTEIN,SINGLE PROTEIN,9,CC(C)(C)NC(=O)c1ccc(Oc2cc(F)c(CC(=O)O)cc2Cl)c(NS(=O)(=O)c3ccc(cc3Cl)C4CC4)c1
94,CHEMBL1783834,CHEMBL3538343,1150505,Cytochrome P450 3A5,Homo sapiens,Homo sapiens,D,<,5.0,%,Drug metabolism,,92069,12739,PROTEIN,SINGLE PROTEIN,9,CC(=CCC[C@](C)(O)[C@H]1CC[C@]2(C)[C@@H]1[C@H](O)C[C@@H]3[C@@]4(C)CC[C@H](O[C@@H]5O[C@H](CO)[C@@H](O)[C@H](O)[C@H]5O)C(C)(C)[C@@H]4CC[C@@]23C)C
95,CHEMBL3542325,CHEMBL3539300,1925452,Cytochrome P450 3A5,Homo sapiens,Homo sapiens,D,=,2.22,%,Compound recovery,,92054,12739,PROTEIN,SINGLE PROTEIN,9,CC(C)(C)NC(=O)N[C@H](C(=O)N1C[C@H]2[C@@H]([C@H]1C(=O)O)C2(C)C)C(C)(C)C
96,CHEMBL1233448,CHEMBL3539300,695798,Cytochrome P450 3A5,Homo sapiens,Homo sapiens,D,=,0.98,%,Compound recovery,,92054,12739,PROTEIN,SINGLE PROTEIN,9,CC(C)(C)NC(=O)N[C@H](C(=O)N1C[C@H]2[C@@H]([C@H]1C(=O)N[C@@H](CC3CCC3)C(=O)C(=O)N)C2(C)C)C(C)(C)C
97,CHEMBL3542272,CHEMBL3539300,1925399,Cytochrome P450 3A5,Homo sapiens,Homo sapiens,D,=,2.19,%,Compound recovery,,92054,12739,PROTEIN,SINGLE PROTEIN,9,CC(C)(C)NC(=O)N[C@H](C(=O)N1C[C@H]2[C@@H]([C@H]1C(=O)N[C@H](CC3CCC3)C(=O)C(=O)N)C2(C)C)C(C)(C)C
98,CHEMBL3542331,CHEMBL3539300,1925458,Cytochrome P450 3A5,Homo sapiens,Homo sapiens,D,=,15.74,%,Compound recovery,,92054,12739,PROTEIN,SINGLE PROTEIN,9,CC(C)(C)NC(=O)N[C@H](C(=O)N1C[C@H]2[C@@H]([C@H]1C(=O)N)C2(C)C)C(C)(C)C
99,CHEMBL3542325,CHEMBL3539301,1925452,Cytochrome P450 3A5,Homo sapiens,Homo sapiens,D,<,0.81,%,Compound recovery,,92054,12739,PROTEIN,SINGLE PROTEIN,9,CC(C)(C)NC(=O)N[C@H](C(=O)N1C[C@H]2[C@@H]([C@H]1C(=O)O)C2(C)C)C(C)(C)C
100,CHEMBL3542332,CHEMBL3539301,1925459,Cytochrome P450 3A5,Homo sapiens,Homo sapiens,D,,,,Compound recovery,BLD,92054,12739,PROTEIN,SINGLE PROTEIN,9,CC(C)(C)NC(=O)N[C@H](C(=O)N1C[C@H]2[C@@H]([C@H]1C(=O)N[C@@H](CC3CCC3)[C@@H](O)C(=O)N)C2(C)C)C(C)(C)C
101,CHEMBL3542272,CHEMBL3539301,1925399,Cytochrome P450 3A5,Homo sapiens,Homo sapiens,D,=,19.67,%,Compound recovery,,92054,12739,PROTEIN,SINGLE PROTEIN,9,CC(C)(C)NC(=O)N[C@H](C(=O)N1C[C@H]2[C@@H]([C@H]1C(=O)N[C@H](CC3CCC3)C(=O)C(=O)N)C2(C)C)C(C)(C)C
102,CHEMBL3542331,CHEMBL3539301,1925458,Cytochrome P450 3A5,Homo sapiens,Homo sapiens,D,=,2.87,%,Compound recovery,,92054,12739,PROTEIN,SINGLE PROTEIN,9,CC(C)(C)NC(=O)N[C@H](C(=O)N1C[C@H]2[C@@H]([C@H]1C(=O)N)C2(C)C)C(C)(C)C
103,CHEMBL1233448,CHEMBL3539301,695798,Cytochrome P450 3A5,Homo sapiens,Homo sapiens,D,=,38.77,%,Compound recovery,,92054,12739,PROTEIN,SINGLE PROTEIN,9,CC(C)(C)NC(=O)N[C@H](C(=O)N1C[C@H]2[C@@H]([C@H]1C(=O)N[C@@H](CC3CCC3)C(=O)C(=O)N)C2(C)C)C(C)(C)C
104,CHEMBL3527103,CHEMBL3541537,1924807,Cytochrome P450 3A5,Homo sapiens,Homo sapiens,D,,,,Drug metabolism,metabolite_not_detected,92114,12739,PROTEIN,SINGLE PROTEIN,9,Cl.COc1ccc2nc(COc3ccc(C[14CH]4SC(=O)NC4=O)cc3)n(C)c2c1
105,CHEMBL3527103,CHEMBL3541546,1924807,Cytochrome P450 3A5,Homo sapiens,Homo sapiens,D,,,,Drug metabolism,metabolite_not_detected,92114,12739,PROTEIN,SINGLE PROTEIN,9,Cl.COc1ccc2nc(COc3ccc(C[14CH]4SC(=O)NC4=O)cc3)n(C)c2c1
106,CHEMBL3527103,CHEMBL3541843,1924807,Cytochrome P450 3A5,Homo sapiens,Homo sapiens,D,,,,Drug metabolism,metabolite_detected,92114,12739,PROTEIN,SINGLE PROTEIN,9,Cl.COc1ccc2nc(COc3ccc(C[14CH]4SC(=O)NC4=O)cc3)n(C)c2c1
107,CHEMBL42,CHEMBL3537001,2261,Cytochrome P450 3A5,Homo sapiens,Homo sapiens,D,=,0.3,nmol/min,Drug metabolism,,91913,12739,PROTEIN,SINGLE PROTEIN,9,CN1CCN(CC1)C2=Nc3cc(Cl)ccc3Nc4ccccc24
108,CHEMBL1370,CHEMBL3541868,313314,Cytochrome P450 3A5,Homo sapiens,Homo sapiens,D,,,,Drug metabolism,metabolite_detected,92074,12739,PROTEIN,SINGLE PROTEIN,9,CCCC1O[C@@H]2C[C@H]3[C@@H]4CCC5=CC(=O)C=C[C@]5(C)[C@H]4[C@@H](O)C[C@]3(C)[C@@]2(O1)C(=O)CO
109,CHEMBL1370,CHEMBL3541871,313314,Cytochrome P450 3A5,Homo sapiens,Homo sapiens,D,,,,Drug metabolism,metabolite_detected,92074,12739,PROTEIN,SINGLE PROTEIN,9,CCCC1O[C@@H]2C[C@H]3[C@@H]4CCC5=CC(=O)C=C[C@]5(C)[C@H]4[C@@H](O)C[C@]3(C)[C@@]2(O1)C(=O)CO
110,CHEMBL377300,CHEMBL3537430,343041,Cytochrome P450 3A5,Homo sapiens,Homo sapiens,D,=,50.0,%,Inhibition,,92057,12739,PROTEIN,SINGLE PROTEIN,9,C[C@@H](O)COc1cn2ncnc(Oc3ccc4[nH]c(C)cc4c3F)c2c1C
111,CHEMBL385517,CHEMBL3537431,360723,Cytochrome P450 3A5,Homo sapiens,Homo sapiens,D,,,,Drug metabolism,metabolite_detected,92065,12739,PROTEIN,SINGLE PROTEIN,9,N[C@H](C(=O)N1[C@@H](C[C@@H]2C[C@H]12)C#N)C34CC5CC(CC(O)(C5)C3)C4
112,CHEMBL3350936,CHEMBL3537433,1799543,Cytochrome P450 3A5,Homo sapiens,Homo sapiens,D,,,,Drug metabolism,metabolite_detected,92065,12739,PROTEIN,SINGLE PROTEIN,9,N[C@H](C(=O)N1[C@@H](C[C@@H]2C[C@H]12)C#N)C34CC5CC(O)(CC(O)(C5)C3)C4
113,CHEMBL3527103,CHEMBL3538433,1924807,Cytochrome P450 3A5,Homo sapiens,Homo sapiens,D,,,,Drug metabolism,metabolite_detected,92114,12739,PROTEIN,SINGLE PROTEIN,9,Cl.COc1ccc2nc(COc3ccc(C[14CH]4SC(=O)NC4=O)cc3)n(C)c2c1
114,CHEMBL3527103,CHEMBL3538709,1924807,Cytochrome P450 3A5,Homo sapiens,Homo sapiens,D,,,,Drug metabolism,metabolite_detected,92114,12739,PROTEIN,SINGLE PROTEIN,9,Cl.COc1ccc2nc(COc3ccc(C[14CH]4SC(=O)NC4=O)cc3)n(C)c2c1
115,CHEMBL42,CHEMBL3539703,2261,Cytochrome P450 3A5,Homo sapiens,Homo sapiens,D,=,1.29,nmol/min,Drug metabolism,,91913,12739,PROTEIN,SINGLE PROTEIN,9,CN1CCN(CC1)C2=Nc3cc(Cl)ccc3Nc4ccccc24
116,CHEMBL42,CHEMBL3539714,2261,Cytochrome P450 3A5,Homo sapiens,Homo sapiens,D,=,0.32,nmol/min,Drug metabolism,,91913,12739,PROTEIN,SINGLE PROTEIN,9,CN1CCN(CC1)C2=Nc3cc(Cl)ccc3Nc4ccccc24
117,CHEMBL42,CHEMBL3539725,2261,Cytochrome P450 3A5,Homo sapiens,Homo sapiens,D,=,0.88,nmol/min,Drug metabolism,,91913,12739,PROTEIN,SINGLE PROTEIN,9,CN1CCN(CC1)C2=Nc3cc(Cl)ccc3Nc4ccccc24
118,CHEMBL42,CHEMBL3540043,2261,Cytochrome P450 3A5,Homo sapiens,Homo sapiens,D,=,0.15,nmol/min,Drug metabolism,,91913,12739,PROTEIN,SINGLE PROTEIN,9,CN1CCN(CC1)C2=Nc3cc(Cl)ccc3Nc4ccccc24
119,CHEMBL1614710,CHEMBL3540697,1037721,Cytochrome P450 3A5,Homo sapiens,Homo sapiens,D,,,,Inhibition,Not Active,91933,12739,PROTEIN,SINGLE PROTEIN,9,FC(F)(F)Oc1ccc(NC(=O)c2sccc2NCc3ccnc4ccccc34)cc1
120,CHEMBL1614710,CHEMBL3540979,1037721,Cytochrome P450 3A5,Homo sapiens,Homo sapiens,D,=,113.0,%,Activity,,91933,12739,PROTEIN,SINGLE PROTEIN,9,FC(F)(F)Oc1ccc(NC(=O)c2sccc2NCc3ccnc4ccccc34)cc1
121,CHEMBL1614710,CHEMBL3540980,1037721,Cytochrome P450 3A5,Homo sapiens,Homo sapiens,D,=,109.0,%,Activity,,91933,12739,PROTEIN,SINGLE PROTEIN,9,FC(F)(F)Oc1ccc(NC(=O)c2sccc2NCc3ccnc4ccccc34)cc1
122,CHEMBL1614710,CHEMBL3540981,1037721,Cytochrome P450 3A5,Homo sapiens,Homo sapiens,D,=,98.0,%,Activity,,91933,12739,PROTEIN,SINGLE PROTEIN,9,FC(F)(F)Oc1ccc(NC(=O)c2sccc2NCc3ccnc4ccccc34)cc1
123,CHEMBL1370,CHEMBL3539421,313314,Cytochrome P450 3A5,Homo sapiens,Homo sapiens,D,,,,Drug metabolism,metabolite_detected,92074,12739,PROTEIN,SINGLE PROTEIN,9,CCCC1O[C@@H]2C[C@H]3[C@@H]4CCC5=CC(=O)C=C[C@]5(C)[C@H]4[C@@H](O)C[C@]3(C)[C@@]2(O1)C(=O)CO
124,CHEMBL1370,CHEMBL3539422,313314,Cytochrome P450 3A5,Homo sapiens,Homo sapiens,D,,,,Drug metabolism,metabolite_detected,92074,12739,PROTEIN,SINGLE PROTEIN,9,CCCC1O[C@@H]2C[C@H]3[C@@H]4CCC5=CC(=O)C=C[C@]5(C)[C@H]4[C@@H](O)C[C@]3(C)[C@@]2(O1)C(=O)CO
125,CHEMBL3542319,CHEMBL3539425,1925446,Cytochrome P450 3A5,Homo sapiens,Homo sapiens,D,,,,Drug metabolism,metabolite_detected,92074,12739,PROTEIN,SINGLE PROTEIN,9,C[C@]12C[C@H](O)[C@H]3[C@@H](CCC4=CC(=O)C=C[C@]34C)[C@@H]1C[C@@H](O)[C@]2(O)C(=O)CO
126,CHEMBL3542373,CHEMBL3539425,1925500,Cytochrome P450 3A5,Homo sapiens,Homo sapiens,D,,,,Drug metabolism,metabolite_detected,92074,12739,PROTEIN,SINGLE PROTEIN,9,CCCC1O[C@@H]2C[C@H]3[C@@H]4C=CC5=CC(=O)C=C[C@]5(C)[C@H]4[C@@H](O)C[C@]3(C)[C@@]2(O1)C(=O)CO
127,CHEMBL3542395,CHEMBL3539425,1925522,Cytochrome P450 3A5,Homo sapiens,Homo sapiens,D,,,,Drug metabolism,metabolite_detected,92074,12739,PROTEIN,SINGLE PROTEIN,9,CCCC1O[C@@H]2C[C@H]3[C@@H]4C[C@@H](O)C5=CC(=O)C=C[C@]5(C)[C@H]4[C@@H](O)C[C@]3(C)[C@@]2(O1)C(=O)CO
128,CHEMBL3542193,CHEMBL3539425,1925320,Cytochrome P450 3A5,Homo sapiens,Homo sapiens,D,,,,Drug metabolism,metabolite_detected,92074,12739,PROTEIN,SINGLE PROTEIN,9,CCC(O)C1O[C@@H]2C[C@H]3[C@@H]4CCC5=CC(=O)C=C[C@]5(C)[C@H]4[C@@H](O)C[C@]3(C)[C@@]2(O1)C(=O)CO
129,CHEMBL1370,CHEMBL3539728,313314,Cytochrome P450 3A5,Homo sapiens,Homo sapiens,D,,,,Drug metabolism,metabolite_not_detected,92074,12739,PROTEIN,SINGLE PROTEIN,9,CCCC1O[C@@H]2C[C@H]3[C@@H]4CCC5=CC(=O)C=C[C@]5(C)[C@H]4[C@@H](O)C[C@]3(C)[C@@]2(O1)C(=O)CO
130,CHEMBL377300,CHEMBL3540397,343041,Cytochrome P450 3A5,Homo sapiens,Homo sapiens,D,=,50.0,%,Inhibition,,92057,12739,PROTEIN,SINGLE PROTEIN,9,C[C@@H](O)COc1cn2ncnc(Oc3ccc4[nH]c(C)cc4c3F)c2c1C
131,CHEMBL3527103,CHEMBL3540727,1924807,Cytochrome P450 3A5,Homo sapiens,Homo sapiens,D,,,,Drug metabolism,metabolite_detected,92114,12739,PROTEIN,SINGLE PROTEIN,9,Cl.COc1ccc2nc(COc3ccc(C[14CH]4SC(=O)NC4=O)cc3)n(C)c2c1
132,CHEMBL3526243,CHEMBL3541004,1923938,Cytochrome P450 3A5,Homo sapiens,Homo sapiens,D,,,,Drug metabolism,metabolite_detected,92114,12739,PROTEIN,SINGLE PROTEIN,9,COc1ccc2nc(COc3ccc(CC(S)C(=O)N)cc3)n(C)c2c1
133,CHEMBL3526242,CHEMBL3541004,1923937,Cytochrome P450 3A5,Homo sapiens,Homo sapiens,D,,,,Drug metabolism,metabolite_detected,92114,12739,PROTEIN,SINGLE PROTEIN,9,COc1ccc2nc(COc3ccc(CC(O)C(=O)N)cc3)n(C)c2c1
134,CHEMBL3526469,CHEMBL3541004,1924166,Cytochrome P450 3A5,Homo sapiens,Homo sapiens,D,,,,Drug metabolism,metabolite_detected,92114,12739,PROTEIN,SINGLE PROTEIN,9,COc1ccc2nc(COc3ccc(CC4(O)SC(=O)NC4=O)cc3)n(C)c2c1
135,CHEMBL3526767,CHEMBL3541004,1924467,Cytochrome P450 3A5,Homo sapiens,Homo sapiens,D,,,,Drug metabolism,metabolite_detected,92114,12739,PROTEIN,SINGLE PROTEIN,9,COc1ccc2nc(COc3ccc(CC4SC(=O)NC4=O)cc3)[nH]c2c1
136,CHEMBL3526208,CHEMBL3541004,1923903,Cytochrome P450 3A5,Homo sapiens,Homo sapiens,D,,,,Drug metabolism,metabolite_detected,92114,12739,PROTEIN,SINGLE PROTEIN,9,Cn1c(COc2ccc(CC3SC(=O)NC3=O)cc2)nc4ccc(O)cc14
137,CHEMBL3527103,CHEMBL3541017,1924807,Cytochrome P450 3A5,Homo sapiens,Homo sapiens,D,,,,Drug metabolism,metabolite_not_detected,92114,12739,PROTEIN,SINGLE PROTEIN,9,Cl.COc1ccc2nc(COc3ccc(C[14CH]4SC(=O)NC4=O)cc3)n(C)c2c1
138,CHEMBL3527103,CHEMBL3541610,1924807,Cytochrome P450 3A5,Homo sapiens,Homo sapiens,D,,,,Drug metabolism,metabolite_not_detected,92114,12739,PROTEIN,SINGLE PROTEIN,9,Cl.COc1ccc2nc(COc3ccc(C[14CH]4SC(=O)NC4=O)cc3)n(C)c2c1
139,CHEMBL483254,CHEMBL3538474,499179,Cytochrome P450 3A5,Homo sapiens,Homo sapiens,D,=,73.0,%,Stability,,91925,12739,PROTEIN,SINGLE PROTEIN,9,Cc1[nH]c2ccccc2c1CCNCc3ccc(\C=C\C(=O)NO)cc3
140,CHEMBL3526397,CHEMBL3538475,1924093,Cytochrome P450 3A5,Homo sapiens,Homo sapiens,D,=,0.1,%,Drug metabolism,,91925,12739,PROTEIN,SINGLE PROTEIN,9,C[C@@]12Nc3ccccc3[C@]1(O)CCN2Cc4ccc(\C=C\C(=O)O)cc4
141,CHEMBL3527526,CHEMBL3538475,1925234,Cytochrome P450 3A5,Homo sapiens,Homo sapiens,D,=,0.8,%,Drug metabolism,,91925,12739,PROTEIN,SINGLE PROTEIN,9,Cc1[nH]c2ccccc2c1CCNCc3ccc(\C=C\C(=O)O)cc3
142,CHEMBL3527525,CHEMBL3538475,1925233,Cytochrome P450 3A5,Homo sapiens,Homo sapiens,D,=,17.0,%,Drug metabolism,,91925,12739,PROTEIN,SINGLE PROTEIN,9,Cc1[nH]c2ccccc2c1CCNCc3ccc(\C=C\C(=O)N)cc3
143,CHEMBL3526396,CHEMBL3538475,1924092,Cytochrome P450 3A5,Homo sapiens,Homo sapiens,D,=,1.7,%,Drug metabolism,,91925,12739,PROTEIN,SINGLE PROTEIN,9,C[C@@]12Nc3ccccc3[C@]1(O)CCN2Cc4ccc(\C=C\C(=O)N)cc4
144,CHEMBL3526395,CHEMBL3538475,1924091,Cytochrome P450 3A5,Homo sapiens,Homo sapiens,D,=,7.1,%,Drug metabolism,,91925,12739,PROTEIN,SINGLE PROTEIN,9,C[C@@]12Nc3ccccc3[C@]1(O)CCN2Cc4ccc(\C=C\C(=O)NO)cc4
145,CHEMBL3527103,CHEMBL3541354,1924807,Cytochrome P450 3A5,Homo sapiens,Homo sapiens,D,,,,Drug metabolism,metabolite_not_detected,92114,12739,PROTEIN,SINGLE PROTEIN,9,Cl.COc1ccc2nc(COc3ccc(C[14CH]4SC(=O)NC4=O)cc3)n(C)c2c1
146,CHEMBL1200681,CHEMBL3542034,674632,Cytochrome P450 3A5,Homo sapiens,Homo sapiens,D,=,0.16,ml/min/nmol,CL,,92125,12739,PROTEIN,SINGLE PROTEIN,9,[Na+].CC(C)(O)c1ccccc1CC[C@@H](SCC2(CC(=O)[O-])CC2)c3cccc(\C=C\c4ccc5ccc(Cl)cc5n4)c3
147,CHEMBL1614710,CHEMBL3539491,1037721,Cytochrome P450 3A5,Homo sapiens,Homo sapiens,D,,,,Inhibition,Not Active,91933,12739,PROTEIN,SINGLE PROTEIN,9,FC(F)(F)Oc1ccc(NC(=O)c2sccc2NCc3ccnc4ccccc34)cc1
148,CHEMBL3527048,CHEMBL3537240,1924751,Cytochrome P450 3A5,Homo sapiens,Homo sapiens,D,,,,Drug metabolism,metabolite_detected,92050,12739,PROTEIN,SINGLE PROTEIN,9,Cc1ccc(cc1)c2c(cnn2C)c3nn(C)c4ncnc(N5CC[C@@H](C5)N6CCCCC6)c34
149,CHEMBL3527100,CHEMBL3537249,1924804,Cytochrome P450 3A5,Homo sapiens,Homo sapiens,D,,,,Drug metabolism,metabolite_detected,92050,12739,PROTEIN,SINGLE PROTEIN,9,Cc1ccc(cc1)c2c(cnn2CO)c3nn(C)c4ncnc(N5CC[C@@H](C5)N6CCCCC6)c34
150,CHEMBL3527106,CHEMBL3537249,1924810,Cytochrome P450 3A5,Homo sapiens,Homo sapiens,D,,,,Drug metabolism,metabolite_detected,92050,12739,PROTEIN,SINGLE PROTEIN,9,Cc1ccc(cc1)c2c(cnn2C)c3nn(C)c4ncnc(N5CC[C@@H](C5)[N+]6=CCCCC6)c34
151,CHEMBL3527100,CHEMBL3537252,1924804,Cytochrome P450 3A5,Homo sapiens,Homo sapiens,D,,,,Drug metabolism,metabolite_detected,92050,12739,PROTEIN,SINGLE PROTEIN,9,Cc1ccc(cc1)c2c(cnn2CO)c3nn(C)c4ncnc(N5CC[C@@H](C5)N6CCCCC6)c34
152,CHEMBL3527106,CHEMBL3537252,1924810,Cytochrome P450 3A5,Homo sapiens,Homo sapiens,D,,,,Drug metabolism,metabolite_detected,92050,12739,PROTEIN,SINGLE PROTEIN,9,Cc1ccc(cc1)c2c(cnn2C)c3nn(C)c4ncnc(N5CC[C@@H](C5)[N+]6=CCCCC6)c34
153,CHEMBL4106242,CHEMBL3537253,2245653,Cytochrome P450 3A5,Homo sapiens,Homo sapiens,D,,,,Drug metabolism,metabolite_detected,92050,12739,PROTEIN,SINGLE PROTEIN,9,Cc1ccc(cc1)c2c(cnn2C)c3nn(C)c4ncnc(N5CC[C@H](N)C5)c34
154,CHEMBL4106243,CHEMBL3537253,2245654,Cytochrome P450 3A5,Homo sapiens,Homo sapiens,D,,,,Drug metabolism,metabolite_detected,92050,12739,PROTEIN,SINGLE PROTEIN,9,Cc1ccc(cc1)c2c(cnn2C)c3nn(C)c4ncnc(N5CC[C@@H](C5)N6CCCCC6=O)c34
155,CHEMBL3527324,CHEMBL3538280,1925030,Cytochrome P450 3A5,Homo sapiens,Homo sapiens,D,=,5070.0,nM,Km,,91984,12739,PROTEIN,SINGLE PROTEIN,9,CC(C)(CO)NC(=O)c1ccc(Oc2cc(F)c(CC(=O)O)cc2Cl)c(NS(=O)(=O)c3ccc(cc3Cl)C4CC4)c1
156,CHEMBL3527324,CHEMBL3538280,1925030,Cytochrome P450 3A5,Homo sapiens,Homo sapiens,D,=,0.221,nmol/min,Vmax,,91984,12739,PROTEIN,SINGLE PROTEIN,9,CC(C)(CO)NC(=O)c1ccc(Oc2cc(F)c(CC(=O)O)cc2Cl)c(NS(=O)(=O)c3ccc(cc3Cl)C4CC4)c1
157,CHEMBL3527325,CHEMBL3538280,1925031,Cytochrome P450 3A5,Homo sapiens,Homo sapiens,D,=,59400.0,nM,Km,,91984,12739,PROTEIN,SINGLE PROTEIN,9,CC(C)(C)NC(=O)c1ccc(Oc2cc(F)c(CC(=O)O)cc2Cl)c(NS(=O)(=O)c3ccc(cc3Cl)C4(O)CC4)c1
158,CHEMBL3527325,CHEMBL3538280,1925031,Cytochrome P450 3A5,Homo sapiens,Homo sapiens,D,=,1.13,nmol/min,Vmax,,91984,12739,PROTEIN,SINGLE PROTEIN,9,CC(C)(C)NC(=O)c1ccc(Oc2cc(F)c(CC(=O)O)cc2Cl)c(NS(=O)(=O)c3ccc(cc3Cl)C4(O)CC4)c1
159,CHEMBL3527103,CHEMBL3538838,1924807,Cytochrome P450 3A5,Homo sapiens,Homo sapiens,D,,,,Drug metabolism,metabolite_not_detected,92114,12739,PROTEIN,SINGLE PROTEIN,9,Cl.COc1ccc2nc(COc3ccc(C[14CH]4SC(=O)NC4=O)cc3)n(C)c2c1
160,CHEMBL1200681,CHEMBL3538841,674632,Cytochrome P450 3A5,Homo sapiens,Homo sapiens,D,,,,Drug metabolism,metabolite_detected,92125,12739,PROTEIN,SINGLE PROTEIN,9,[Na+].CC(C)(O)c1ccccc1CC[C@@H](SCC2(CC(=O)[O-])CC2)c3cccc(\C=C\c4ccc5ccc(Cl)cc5n4)c3
161,CHEMBL3527103,CHEMBL3539185,1924807,Cytochrome P450 3A5,Homo sapiens,Homo sapiens,D,,,,Drug metabolism,metabolite_not_detected,92114,12739,PROTEIN,SINGLE PROTEIN,9,Cl.COc1ccc2nc(COc3ccc(C[14CH]4SC(=O)NC4=O)cc3)n(C)c2c1
162,CHEMBL3527103,CHEMBL3539831,1924807,Cytochrome P450 3A5,Homo sapiens,Homo sapiens,D,,,,Drug metabolism,metabolite_not_detected,92114,12739,PROTEIN,SINGLE PROTEIN,9,Cl.COc1ccc2nc(COc3ccc(C[14CH]4SC(=O)NC4=O)cc3)n(C)c2c1
163,CHEMBL269732,CHEMBL3540824,924,Cytochrome P450 3A5,Homo sapiens,Homo sapiens,D,,,,Inhibition,tde,91908,12739,PROTEIN,SINGLE PROTEIN,9,CO[C@@H]1C[C@@H](CC[C@H]1O)\C=C(/C)\[C@H]2OC(=O)[C@@H]3CCCCN3C(=O)C(=O)[C@]4(O)O[C@H]([C@H](C[C@@H](C)C\C(=C\[C@@H](CC=C)C(=O)C[C@H](O)[C@H]2C)\C)OC)[C@H](C[C@H]4C)OC
164,CHEMBL269732,CHEMBL3540824,924,Cytochrome P450 3A5,Homo sapiens,Homo sapiens,D,=,630.0,nM,IC50,,91908,12739,PROTEIN,SINGLE PROTEIN,9,CO[C@@H]1C[C@@H](CC[C@H]1O)\C=C(/C)\[C@H]2OC(=O)[C@@H]3CCCCN3C(=O)C(=O)[C@]4(O)O[C@H]([C@H](C[C@@H](C)C\C(=C\[C@@H](CC=C)C(=O)C[C@H](O)[C@H]2C)\C)OC)[C@H](C[C@H]4C)OC
165,CHEMBL269732,CHEMBL3540825,924,Cytochrome P450 3A5,Homo sapiens,Homo sapiens,D,,,,Inhibition,tde,91908,12739,PROTEIN,SINGLE PROTEIN,9,CO[C@@H]1C[C@@H](CC[C@H]1O)\C=C(/C)\[C@H]2OC(=O)[C@@H]3CCCCN3C(=O)C(=O)[C@]4(O)O[C@H]([C@H](C[C@@H](C)C\C(=C\[C@@H](CC=C)C(=O)C[C@H](O)[C@H]2C)\C)OC)[C@H](C[C@H]4C)OC
166,CHEMBL269732,CHEMBL3540825,924,Cytochrome P450 3A5,Homo sapiens,Homo sapiens,D,=,140.0,nM,IC50,,91908,12739,PROTEIN,SINGLE PROTEIN,9,CO[C@@H]1C[C@@H](CC[C@H]1O)\C=C(/C)\[C@H]2OC(=O)[C@@H]3CCCCN3C(=O)C(=O)[C@]4(O)O[C@H]([C@H](C[C@@H](C)C\C(=C\[C@@H](CC=C)C(=O)C[C@H](O)[C@H]2C)\C)OC)[C@H](C[C@H]4C)OC
167,CHEMBL269732,CHEMBL3540826,924,Cytochrome P450 3A5,Homo sapiens,Homo sapiens,D,=,0.21,/min,Kinact,,91908,12739,PROTEIN,SINGLE PROTEIN,9,CO[C@@H]1C[C@@H](CC[C@H]1O)\C=C(/C)\[C@H]2OC(=O)[C@@H]3CCCCN3C(=O)C(=O)[C@]4(O)O[C@H]([C@H](C[C@@H](C)C\C(=C\[C@@H](CC=C)C(=O)C[C@H](O)[C@H]2C)\C)OC)[C@H](C[C@H]4C)OC
168,CHEMBL269732,CHEMBL3540828,924,Cytochrome P450 3A5,Homo sapiens,Homo sapiens,D,=,52.0,%,Inhibition,,91908,12739,PROTEIN,SINGLE PROTEIN,9,CO[C@@H]1C[C@@H](CC[C@H]1O)\C=C(/C)\[C@H]2OC(=O)[C@@H]3CCCCN3C(=O)C(=O)[C@]4(O)O[C@H]([C@H](C[C@@H](C)C\C(=C\[C@@H](CC=C)C(=O)C[C@H](O)[C@H]2C)\C)OC)[C@H](C[C@H]4C)OC
169,CHEMBL269732,CHEMBL3541084,924,Cytochrome P450 3A5,Homo sapiens,Homo sapiens,D,=,2690.0,nM,Ki,,91908,12739,PROTEIN,SINGLE PROTEIN,9,CO[C@@H]1C[C@@H](CC[C@H]1O)\C=C(/C)\[C@H]2OC(=O)[C@@H]3CCCCN3C(=O)C(=O)[C@]4(O)O[C@H]([C@H](C[C@@H](C)C\C(=C\[C@@H](CC=C)C(=O)C[C@H](O)[C@H]2C)\C)OC)[C@H](C[C@H]4C)OC
170,CHEMBL269732,CHEMBL3541086,924,Cytochrome P450 3A5,Homo sapiens,Homo sapiens,D,=,5.0,,Ratio IC50,,91908,12739,PROTEIN,SINGLE PROTEIN,9,CO[C@@H]1C[C@@H](CC[C@H]1O)\C=C(/C)\[C@H]2OC(=O)[C@@H]3CCCCN3C(=O)C(=O)[C@]4(O)O[C@H]([C@H](C[C@@H](C)C\C(=C\[C@@H](CC=C)C(=O)C[C@H](O)[C@H]2C)\C)OC)[C@H](C[C@H]4C)OC
171,CHEMBL3527048,CHEMBL3532544,1924751,Cytochrome P450 3A5,Homo sapiens,Homo sapiens,D,=,61.0,%,Inhibition,,92050,12739,PROTEIN,SINGLE PROTEIN,9,Cc1ccc(cc1)c2c(cnn2C)c3nn(C)c4ncnc(N5CC[C@@H](C5)N6CCCCC6)c34
172,CHEMBL3527048,CHEMBL3532545,1924751,Cytochrome P450 3A5,Homo sapiens,Homo sapiens,D,=,71.0,%,Inhibition,,92050,12739,PROTEIN,SINGLE PROTEIN,9,Cc1ccc(cc1)c2c(cnn2C)c3nn(C)c4ncnc(N5CC[C@@H](C5)N6CCCCC6)c34
173,CHEMBL3527048,CHEMBL3532902,1924751,Cytochrome P450 3A5,Homo sapiens,Homo sapiens,D,=,2000.0,nM,Ki,,92050,12739,PROTEIN,SINGLE PROTEIN,9,Cc1ccc(cc1)c2c(cnn2C)c3nn(C)c4ncnc(N5CC[C@@H](C5)N6CCCCC6)c34
174,CHEMBL3527048,CHEMBL3532902,1924751,Cytochrome P450 3A5,Homo sapiens,Homo sapiens,D,=,0.051,/min,Kinact,,92050,12739,PROTEIN,SINGLE PROTEIN,9,Cc1ccc(cc1)c2c(cnn2C)c3nn(C)c4ncnc(N5CC[C@@H](C5)N6CCCCC6)c34
175,CHEMBL3527048,CHEMBL3532903,1924751,Cytochrome P450 3A5,Homo sapiens,Homo sapiens,D,=,1200.0,nM,Ki,,92050,12739,PROTEIN,SINGLE PROTEIN,9,Cc1ccc(cc1)c2c(cnn2C)c3nn(C)c4ncnc(N5CC[C@@H](C5)N6CCCCC6)c34
176,CHEMBL3527048,CHEMBL3532903,1924751,Cytochrome P450 3A5,Homo sapiens,Homo sapiens,D,=,0.046,/min,Kinact,,92050,12739,PROTEIN,SINGLE PROTEIN,9,Cc1ccc(cc1)c2c(cnn2C)c3nn(C)c4ncnc(N5CC[C@@H](C5)N6CCCCC6)c34
177,CHEMBL3527048,CHEMBL3532906,1924751,Cytochrome P450 3A5,Homo sapiens,Homo sapiens,D,=,26.0,ml/min/uL,Ratio,,92050,12739,PROTEIN,SINGLE PROTEIN,9,Cc1ccc(cc1)c2c(cnn2C)c3nn(C)c4ncnc(N5CC[C@@H](C5)N6CCCCC6)c34
178,CHEMBL1200681,CHEMBL3534701,674632,Cytochrome P450 3A5,Homo sapiens,Homo sapiens,D,,,,Drug metabolism,metabolite_detected,92125,12739,PROTEIN,SINGLE PROTEIN,9,[Na+].CC(C)(O)c1ccccc1CC[C@@H](SCC2(CC(=O)[O-])CC2)c3cccc(\C=C\c4ccc5ccc(Cl)cc5n4)c3
179,CHEMBL3526241,CHEMBL3534705,1923936,Cytochrome P450 3A5,Homo sapiens,Homo sapiens,D,,,,Drug metabolism,metabolite_detected,92125,12739,PROTEIN,SINGLE PROTEIN,9,CC(C)(O)c1ccccc1C(O)C[C@@H](SCC2(CC(=O)O)CC2)c3cccc(\C=C\c4ccc5ccc(Cl)cc5n4)c3
180,CHEMBL3526239,CHEMBL3534705,1923934,Cytochrome P450 3A5,Homo sapiens,Homo sapiens,D,,,,Drug metabolism,metabolite_detected,92125,12739,PROTEIN,SINGLE PROTEIN,9,CC(C)(O)c1cc(O)ccc1CC[C@@H](SCC2(CC(=O)O)CC2)c3cccc(\C=C\c4ccc5ccc(Cl)cc5n4)c3
181,CHEMBL1200681,CHEMBL3535047,674632,Cytochrome P450 3A5,Homo sapiens,Homo sapiens,D,,,,Drug metabolism,metabolite_detected,92125,12739,PROTEIN,SINGLE PROTEIN,9,[Na+].CC(C)(O)c1ccccc1CC[C@@H](SCC2(CC(=O)[O-])CC2)c3cccc(\C=C\c4ccc5ccc(Cl)cc5n4)c3
182,CHEMBL3526481,CHEMBL3536196,1924178,Cytochrome P450 3A5,Homo sapiens,Homo sapiens,D,,,,Drug metabolism,metabolite_not_detected,92125,12739,PROTEIN,SINGLE PROTEIN,9,CC(O)(CO)c1ccccc1CC[C@@H](SCC2(CC(=O)O)CC2)c3cccc(\C=C\c4ccc5ccc(Cl)cc5n4)c3
183,CHEMBL42,CHEMBL3536208,2261,Cytochrome P450 3A5,Homo sapiens,Homo sapiens,D,=,0.08,nmol/min,Drug metabolism,,91913,12739,PROTEIN,SINGLE PROTEIN,9,CN1CCN(CC1)C2=Nc3cc(Cl)ccc3Nc4ccccc24
184,CHEMBL160,CHEMBL3531041,72873,Cytochrome P450 3A5,Homo sapiens,Homo sapiens,D,,,,Inhibition,Not Active,91908,12739,PROTEIN,SINGLE PROTEIN,9,CC[C@@H]1NC(=O)[C@H]([C@H](O)[C@H](C)C\C=C\C)N(C)C(=O)[C@H](C(C)C)N(C)C(=O)[C@H](CC(C)C)N(C)C(=O)[C@H](CC(C)C)N(C)C(=O)[C@@H](C)NC(=O)[C@H](C)NC(=O)[C@H](CC(C)C)N(C)C(=O)[C@@H](NC(=O)[C@H](CC(C)C)N(C)C(=O)CN(C)C1=O)C(C)C
185,CHEMBL160,CHEMBL3531042,72873,Cytochrome P450 3A5,Homo sapiens,Homo sapiens,D,,,,Inhibition,Not Active,91908,12739,PROTEIN,SINGLE PROTEIN,9,CC[C@@H]1NC(=O)[C@H]([C@H](O)[C@H](C)C\C=C\C)N(C)C(=O)[C@H](C(C)C)N(C)C(=O)[C@H](CC(C)C)N(C)C(=O)[C@H](CC(C)C)N(C)C(=O)[C@@H](C)NC(=O)[C@H](C)NC(=O)[C@H](CC(C)C)N(C)C(=O)[C@@H](NC(=O)[C@H](CC(C)C)N(C)C(=O)CN(C)C1=O)C(C)C
186,CHEMBL3527048,CHEMBL3535859,1924751,Cytochrome P450 3A5,Homo sapiens,Homo sapiens,D,=,38.0,ml/min/uL,Ratio,,92050,12739,PROTEIN,SINGLE PROTEIN,9,Cc1ccc(cc1)c2c(cnn2C)c3nn(C)c4ncnc(N5CC[C@@H](C5)N6CCCCC6)c34
187,CHEMBL3527048,CHEMBL3536215,1924751,Cytochrome P450 3A5,Homo sapiens,Homo sapiens,D,,,,Drug metabolism,metabolite_detected,92050,12739,PROTEIN,SINGLE PROTEIN,9,Cc1ccc(cc1)c2c(cnn2C)c3nn(C)c4ncnc(N5CC[C@@H](C5)N6CCCCC6)c34
188,CHEMBL3527048,CHEMBL3536216,1924751,Cytochrome P450 3A5,Homo sapiens,Homo sapiens,D,,,,Drug metabolism,metabolite_detected,92050,12739,PROTEIN,SINGLE PROTEIN,9,Cc1ccc(cc1)c2c(cnn2C)c3nn(C)c4ncnc(N5CC[C@@H](C5)N6CCCCC6)c34
189,CHEMBL3527048,CHEMBL3536218,1924751,Cytochrome P450 3A5,Homo sapiens,Homo sapiens,D,,,,Drug metabolism,metabolite_detected,92050,12739,PROTEIN,SINGLE PROTEIN,9,Cc1ccc(cc1)c2c(cnn2C)c3nn(C)c4ncnc(N5CC[C@@H](C5)N6CCCCC6)c34
190,CHEMBL3526621,CHEMBL3531847,1924320,Cytochrome P450 3A5,Homo sapiens,Homo sapiens,D,,,,Drug metabolism,metabolite_detected,92057,12739,PROTEIN,SINGLE PROTEIN,9,C[C@@H](O)COc1cn2ncnc(Oc3ccc4[nH]c(CO)cc4c3F)c2c1C
191,CHEMBL160,CHEMBL3534409,72873,Cytochrome P450 3A5,Homo sapiens,Homo sapiens,D,,,,Inhibition,Not Active,91908,12739,PROTEIN,SINGLE PROTEIN,9,CC[C@@H]1NC(=O)[C@H]([C@H](O)[C@H](C)C\C=C\C)N(C)C(=O)[C@H](C(C)C)N(C)C(=O)[C@H](CC(C)C)N(C)C(=O)[C@H](CC(C)C)N(C)C(=O)[C@@H](C)NC(=O)[C@H](C)NC(=O)[C@H](CC(C)C)N(C)C(=O)[C@@H](NC(=O)[C@H](CC(C)C)N(C)C(=O)CN(C)C1=O)C(C)C
192,CHEMBL160,CHEMBL3534410,72873,Cytochrome P450 3A5,Homo sapiens,Homo sapiens,D,,,,Inhibition,Not Active,91908,12739,PROTEIN,SINGLE PROTEIN,9,CC[C@@H]1NC(=O)[C@H]([C@H](O)[C@H](C)C\C=C\C)N(C)C(=O)[C@H](C(C)C)N(C)C(=O)[C@H](CC(C)C)N(C)C(=O)[C@H](CC(C)C)N(C)C(=O)[C@@H](C)NC(=O)[C@H](C)NC(=O)[C@H](CC(C)C)N(C)C(=O)[C@@H](NC(=O)[C@H](CC(C)C)N(C)C(=O)CN(C)C1=O)C(C)C
193,CHEMBL3527278,CHEMBL3536650,1924983,Cytochrome P450 3A5,Homo sapiens,Homo sapiens,D,=,15.2,%,Drug metabolism,,91972,12739,PROTEIN,SINGLE PROTEIN,9,ON=C1CCN(CC1)c2ncnc3c2nc(c4ccccc4Cl)n3c5ccc(Cl)cc5
194,CHEMBL3527277,CHEMBL3536650,1924982,Cytochrome P450 3A5,Homo sapiens,Homo sapiens,D,=,19.8,%,Drug metabolism,,91972,12739,PROTEIN,SINGLE PROTEIN,9,NC(=O)C1(CCN(CC1)c2ncnc3c2nc(c4ccccc4Cl)n3c5ccc(Cl)cc5)NO
195,CHEMBL3526547,CHEMBL3536650,1924245,Cytochrome P450 3A5,Homo sapiens,Homo sapiens,D,=,23.0,%,Drug metabolism,,91972,12739,PROTEIN,SINGLE PROTEIN,9,Clc1ccc(cc1)n2c(nc3c(ncnc23)N4CCC(=O)CC4)c5ccccc5Cl
196,CHEMBL3526890,CHEMBL3536650,1924591,Cytochrome P450 3A5,Homo sapiens,Homo sapiens,D,=,40.3,%,Drug metabolism,,91972,12739,PROTEIN,SINGLE PROTEIN,9,NC(=O)C1(N)CCN(CC1)c2ncnc3c2nc(c4ccccc4Cl)n3c5ccc(Cl)cc5
197,CHEMBL3527048,CHEMBL3532652,1924751,Cytochrome P450 3A5,Homo sapiens,Homo sapiens,D,=,17000.0,nM,IC50,,92050,12739,PROTEIN,SINGLE PROTEIN,9,Cc1ccc(cc1)c2c(cnn2C)c3nn(C)c4ncnc(N5CC[C@@H](C5)N6CCCCC6)c34
198,CHEMBL3527048,CHEMBL3532653,1924751,Cytochrome P450 3A5,Homo sapiens,Homo sapiens,D,=,71000.0,nM,IC50,,92050,12739,PROTEIN,SINGLE PROTEIN,9,Cc1ccc(cc1)c2c(cnn2C)c3nn(C)c4ncnc(N5CC[C@@H](C5)N6CCCCC6)c34
199,CHEMBL3526818,CHEMBL3532994,1924519,Cytochrome P450 3A5,Homo sapiens,Homo sapiens,D,,,,Drug metabolism,metabolite_not_detected,92030,12739,PROTEIN,SINGLE PROTEIN,9,Cl.CCCCCCCCc1ccc(CC[14C](N)(CO)CO)cc1
200,CHEMBL3526818,CHEMBL3533013,1924519,Cytochrome P450 3A5,Homo sapiens,Homo sapiens,D,,,,Drug metabolism,metabolite_not_detected,92030,12739,PROTEIN,SINGLE PROTEIN,9,Cl.CCCCCCCCc1ccc(CC[14C](N)(CO)CO)cc1
201,CHEMBL1642,CHEMBL3533051,485100,Cytochrome P450 3A5,Homo sapiens,Homo sapiens,D,,,,Drug metabolism,metabolite_detected,91985,12739,PROTEIN,SINGLE PROTEIN,9,CN1CCN(Cc2ccc(cc2)C(=O)Nc3ccc(C)c(Nc4nccc(n4)c5cccnc5)c3)CC1.CS(=O)(=O)O
202,CHEMBL1783834,CHEMBL3531182,1150505,Cytochrome P450 3A5,Homo sapiens,Homo sapiens,D,<,5.0,%,Drug metabolism,,92069,12739,PROTEIN,SINGLE PROTEIN,9,CC(=CCC[C@](C)(O)[C@H]1CC[C@]2(C)[C@@H]1[C@H](O)C[C@@H]3[C@@]4(C)CC[C@H](O[C@@H]5O[C@H](CO)[C@@H](O)[C@H](O)[C@H]5O)C(C)(C)[C@@H]4CC[C@@]23C)C
203,CHEMBL1783834,CHEMBL3531184,1150505,Cytochrome P450 3A5,Homo sapiens,Homo sapiens,D,<,5.0,%,Drug metabolism,,92069,12739,PROTEIN,SINGLE PROTEIN,9,CC(=CCC[C@](C)(O)[C@H]1CC[C@]2(C)[C@@H]1[C@H](O)C[C@@H]3[C@@]4(C)CC[C@H](O[C@@H]5O[C@H](CO)[C@@H](O)[C@H](O)[C@H]5O)C(C)(C)[C@@H]4CC[C@@]23C)C
204,CHEMBL3542372,CHEMBL3531185,1925499,Cytochrome P450 3A5,Homo sapiens,Homo sapiens,D,,,,Drug metabolism,metabolite_detected,92069,12739,PROTEIN,SINGLE PROTEIN,9,C\C(=C/CC[C@](C)(O)[C@H]1CC[C@]2(C)[C@@H]1[C@H](O)C[C@@H]3[C@@]4(C)CC[C@H](O[C@@H]5O[C@H](CO)[C@@H](O)[C@H](O)[C@H]5O)C(C)(C)[C@@H]4CC[C@@]23C)\CO
205,CHEMBL3542278,CHEMBL3531185,1925405,Cytochrome P450 3A5,Homo sapiens,Homo sapiens,D,,,,Drug metabolism,metabolite_detected,92069,12739,PROTEIN,SINGLE PROTEIN,9,C\C(=C\CC[C@](C)(O)[C@H]1CC[C@]2(C)[C@@H]1[C@H](O)C[C@@H]3[C@@]4(C)CC[C@H](O[C@@H]5O[C@H](CO)[C@@H](O)[C@H](O)[C@H]5O)C(C)(C)[C@@H]4CC[C@@]23C)\CO
206,CHEMBL3542279,CHEMBL3531185,1925406,Cytochrome P450 3A5,Homo sapiens,Homo sapiens,D,,,,Drug metabolism,metabolite_detected,92069,12739,PROTEIN,SINGLE PROTEIN,9,CC(C)(O)[C@@H]1CC[C@](C)(O1)[C@H]2CC[C@]3(C)[C@@H]2[C@H](O)C[C@@H]4[C@@]5(C)CC[C@H](O[C@@H]6O[C@H](CO)[C@@H](O)[C@H](O)[C@H]6O)C(C)(C)[C@@H]5CC[C@@]34C
207,CHEMBL3542280,CHEMBL3531185,1925407,Cytochrome P450 3A5,Homo sapiens,Homo sapiens,D,,,,Drug metabolism,metabolite_not_detected,92069,12739,PROTEIN,SINGLE PROTEIN,9,C[C@](O)(CC[C@@H]1OC1(C)C)[C@H]2CC[C@]3(C)[C@@H]2[C@H](O)C[C@@H]4[C@@]5(C)CC[C@H](O[C@@H]6O[C@H](CO)[C@@H](O)[C@H](O)[C@H]6O)C(C)(C)[C@@H]5CC[C@@]34C
208,CHEMBL3542281,CHEMBL3531185,1925408,Cytochrome P450 3A5,Homo sapiens,Homo sapiens,D,,,,Drug metabolism,metabolite_not_detected,92069,12739,PROTEIN,SINGLE PROTEIN,9,CC(C)(O)[C@H]1CC[C@](C)(O1)[C@H]2CC[C@]3(C)[C@@H]2[C@H](O)C[C@@H]4[C@@]5(C)CC[C@H](O[C@@H]6O[C@H](CO)[C@@H](O)[C@H](O)[C@H]6O)C(C)(C)[C@@H]5CC[C@@]34C
209,CHEMBL3542282,CHEMBL3531185,1925409,Cytochrome P450 3A5,Homo sapiens,Homo sapiens,D,,,,Drug metabolism,metabolite_not_detected,92069,12739,PROTEIN,SINGLE PROTEIN,9,C\C(=C\CC[C@](C)(O)[C@H]1CC[C@]2(C)[C@@H]1[C@H](O)C[C@@H]3[C@@]4(C)CC[C@H](O[C@@H]5O[C@H](CO)[C@@H](O)[C@H](O)[C@H]5O)C(C)(C)[C@@H]4CC[C@@]23C)\C(=O)O
210,CHEMBL3542283,CHEMBL3531185,1925410,Cytochrome P450 3A5,Homo sapiens,Homo sapiens,D,,,,Drug metabolism,metabolite_not_detected,92069,12739,PROTEIN,SINGLE PROTEIN,9,C\C(=C/CC[C@](C)(O)[C@H]1CC[C@]2(C)[C@@H]1[C@H](O)C[C@@H]3[C@@]4(C)CC[C@H](O[C@@H]5O[C@H](CO)[C@@H](O)[C@H](O)[C@H]5O)C(C)(C)[C@@H]4CC[C@@]23C)\C(=O)O
211,CHEMBL3542284,CHEMBL3531185,1925411,Cytochrome P450 3A5,Homo sapiens,Homo sapiens,D,,,,Drug metabolism,metabolite_not_detected,92069,12739,PROTEIN,SINGLE PROTEIN,9,C[C@](O)(CCC=C(CO)CO)[C@H]1CC[C@]2(C)[C@@H]1[C@H](O)C[C@@H]3[C@@]4(C)CC[C@H](O[C@@H]5O[C@H](CO)[C@@H](O)[C@H](O)[C@H]5O)C(C)(C)[C@@H]4CC[C@@]23C
212,CHEMBL3542285,CHEMBL3531185,1925412,Cytochrome P450 3A5,Homo sapiens,Homo sapiens,D,,,,Drug metabolism,metabolite_not_detected,92069,12739,PROTEIN,SINGLE PROTEIN,9,C[C@](O)(CC[C@@H]1O[C@@]1(C)CO)[C@H]2CC[C@]3(C)[C@@H]2[C@H](O)C[C@@H]4[C@@]5(C)CC[C@H](O[C@@H]6O[C@H](CO)[C@@H](O)[C@H](O)[C@H]6O)C(C)(C)[C@@H]5CC[C@@]34C
213,CHEMBL3542286,CHEMBL3531185,1925413,Cytochrome P450 3A5,Homo sapiens,Homo sapiens,D,,,,Drug metabolism,metabolite_not_detected,92069,12739,PROTEIN,SINGLE PROTEIN,9,CC(O)(CO)[C@@H]1CC[C@](C)(O1)[C@H]2CC[C@]3(C)[C@@H]2[C@H](O)C[C@@H]4[C@@]5(C)CC[C@H](O[C@@H]6O[C@H](CO)[C@@H](O)[C@H](O)[C@H]6O)C(C)(C)[C@@H]5CC[C@@]34C
214,CHEMBL3542287,CHEMBL3531185,1925414,Cytochrome P450 3A5,Homo sapiens,Homo sapiens,D,,,,Drug metabolism,metabolite_not_detected,92069,12739,PROTEIN,SINGLE PROTEIN,9,CC(O)(CO)[C@H]1CC[C@](C)(O1)[C@H]2CC[C@]3(C)[C@@H]2[C@H](O)C[C@@H]4[C@@]5(C)CC[C@H](O[C@@H]6O[C@H](CO)[C@@H](O)[C@H](O)[C@H]6O)C(C)(C)[C@@H]5CC[C@@]34C
215,CHEMBL4106241,CHEMBL3531185,2245652,Cytochrome P450 3A5,Homo sapiens,Homo sapiens,D,,,,Drug metabolism,metabolite_not_detected,92069,12739,PROTEIN,SINGLE PROTEIN,9,CC(C)(O)C(CC[C@](C)(O)[C@H]1CC[C@]2(C)[C@@H]1[C@H](O)C[C@@H]3[C@@]4(C)CC[C@H](O[C@@H]5O[C@H](CO)[C@@H](O)[C@H](O)[C@H]5O)C(C)(C)[C@@H]4CC[C@@]23C)SC[C@H](NC(=O)CC[C@H](N)C(=O)O)C(=O)NCC(=O)O
216,CHEMBL1473,CHEMBL3532330,401141,Cytochrome P450 3A5,Homo sapiens,Homo sapiens,D,=,0.2667,hr,T1/2,,92074,12739,PROTEIN,SINGLE PROTEIN,9,CCC(=O)O[C@@]1([C@H](C)C[C@H]2[C@@H]3C[C@H](F)C4=CC(=O)C=C[C@]4(C)[C@@]3(F)[C@@H](O)C[C@]12C)C(=O)SCF
217,CHEMBL1504,CHEMBL3532330,419622,Cytochrome P450 3A5,Homo sapiens,Homo sapiens,D,=,2.167,hr,T1/2,,92074,12739,PROTEIN,SINGLE PROTEIN,9,CC1(C)O[C@@H]2C[C@H]3[C@@H]4CCC5=CC(=O)C=C[C@]5(C)[C@@]4(F)[C@@H](O)C[C@]3(C)[C@@]2(O1)C(=O)CO
218,CHEMBL1370,CHEMBL3532330,313314,Cytochrome P450 3A5,Homo sapiens,Homo sapiens,D,=,0.6667,hr,T1/2,,92074,12739,PROTEIN,SINGLE PROTEIN,9,CCCC1O[C@@H]2C[C@H]3[C@@H]4CCC5=CC(=O)C=C[C@]5(C)[C@H]4[C@@H](O)C[C@]3(C)[C@@]2(O1)C(=O)CO
219,CHEMBL377300,CHEMBL3532340,343041,Cytochrome P450 3A5,Homo sapiens,Homo sapiens,D,,,,Drug metabolism,metabolite_detected,92057,12739,PROTEIN,SINGLE PROTEIN,9,C[C@@H](O)COc1cn2ncnc(Oc3ccc4[nH]c(C)cc4c3F)c2c1C
220,CHEMBL1642,CHEMBL3536367,485100,Cytochrome P450 3A5,Homo sapiens,Homo sapiens,D,=,0.06,uL/min,CL,,91985,12739,PROTEIN,SINGLE PROTEIN,9,CN1CCN(Cc2ccc(cc2)C(=O)Nc3ccc(C)c(Nc4nccc(n4)c5cccnc5)c3)CC1.CS(=O)(=O)O
221,CHEMBL1642,CHEMBL3536368,485100,Cytochrome P450 3A5,Homo sapiens,Homo sapiens,D,=,0.02,uL/min,CL,,91985,12739,PROTEIN,SINGLE PROTEIN,9,CN1CCN(Cc2ccc(cc2)C(=O)Nc3ccc(C)c(Nc4nccc(n4)c5cccnc5)c3)CC1.CS(=O)(=O)O
222,CHEMBL1642,CHEMBL3536371,485100,Cytochrome P450 3A5,Homo sapiens,Homo sapiens,D,=,71500.0,nM,Km,,91985,12739,PROTEIN,SINGLE PROTEIN,9,CN1CCN(Cc2ccc(cc2)C(=O)Nc3ccc(C)c(Nc4nccc(n4)c5cccnc5)c3)CC1.CS(=O)(=O)O
223,CHEMBL1642,CHEMBL3536371,485100,Cytochrome P450 3A5,Homo sapiens,Homo sapiens,D,=,4.6,pmol/min,Vmax,,91985,12739,PROTEIN,SINGLE PROTEIN,9,CN1CCN(Cc2ccc(cc2)C(=O)Nc3ccc(C)c(Nc4nccc(n4)c5cccnc5)c3)CC1.CS(=O)(=O)O
224,CHEMBL2386594,CHEMBL3536382,1563362,Cytochrome P450 3A5,Homo sapiens,Homo sapiens,D,,,,Drug metabolism,metabolite_not_detected,91985,12739,PROTEIN,SINGLE PROTEIN,9,Cc1ccc(NC(=O)c2ccc(CN3CCNCC3)cc2)cc1Nc4nccc(n4)c5cccnc5.CS(=O)(=O)O
225,CHEMBL2386594,CHEMBL3536385,1563362,Cytochrome P450 3A5,Homo sapiens,Homo sapiens,D,=,0.09,uL/min,CL,,91985,12739,PROTEIN,SINGLE PROTEIN,9,Cc1ccc(NC(=O)c2ccc(CN3CCNCC3)cc2)cc1Nc4nccc(n4)c5cccnc5.CS(=O)(=O)O
226,CHEMBL383824,CHEMBL3531632,330785,Cytochrome P450 3A5,Homo sapiens,Homo sapiens,D,,,,Drug metabolism,metabolite_not_detected,91967,12739,PROTEIN,SINGLE PROTEIN,9,CO[C@H]1C[C@H](C)CC2=C(NCCN(C)C)C(=O)C=C(NC(=O)\C(=C\C=C/[C@H](OC)[C@@H](OC(=O)N)\C(=C\[C@H](C)[C@H]1O)\C)\C)C2=O
227,CHEMBL383824,CHEMBL3531633,330785,Cytochrome P450 3A5,Homo sapiens,Homo sapiens,D,,,,Drug metabolism,metabolite_not_detected,91967,12739,PROTEIN,SINGLE PROTEIN,9,CO[C@H]1C[C@H](C)CC2=C(NCCN(C)C)C(=O)C=C(NC(=O)\C(=C\C=C/[C@H](OC)[C@@H](OC(=O)N)\C(=C\[C@H](C)[C@H]1O)\C)\C)C2=O
228,CHEMBL383824,CHEMBL3531634,330785,Cytochrome P450 3A5,Homo sapiens,Homo sapiens,D,,,,Drug metabolism,metabolite_not_detected,91967,12739,PROTEIN,SINGLE PROTEIN,9,CO[C@H]1C[C@H](C)CC2=C(NCCN(C)C)C(=O)C=C(NC(=O)\C(=C\C=C/[C@H](OC)[C@@H](OC(=O)N)\C(=C\[C@H](C)[C@H]1O)\C)\C)C2=O
229,CHEMBL383824,CHEMBL3531635,330785,Cytochrome P450 3A5,Homo sapiens,Homo sapiens,D,,,,Drug metabolism,metabolite_not_detected,91967,12739,PROTEIN,SINGLE PROTEIN,9,CO[C@H]1C[C@H](C)CC2=C(NCCN(C)C)C(=O)C=C(NC(=O)\C(=C\C=C/[C@H](OC)[C@@H](OC(=O)N)\C(=C\[C@H](C)[C@H]1O)\C)\C)C2=O
230,CHEMBL383824,CHEMBL3531636,330785,Cytochrome P450 3A5,Homo sapiens,Homo sapiens,D,,,,Drug metabolism,metabolite_not_detected,91967,12739,PROTEIN,SINGLE PROTEIN,9,CO[C@H]1C[C@H](C)CC2=C(NCCN(C)C)C(=O)C=C(NC(=O)\C(=C\C=C/[C@H](OC)[C@@H](OC(=O)N)\C(=C\[C@H](C)[C@H]1O)\C)\C)C2=O
231,CHEMBL1642,CHEMBL3533880,485100,Cytochrome P450 3A5,Homo sapiens,Homo sapiens,D,=,80.0,%,Stability,,91985,12739,PROTEIN,SINGLE PROTEIN,9,CN1CCN(Cc2ccc(cc2)C(=O)Nc3ccc(C)c(Nc4nccc(n4)c5cccnc5)c3)CC1.CS(=O)(=O)O
232,CHEMBL3526587,CHEMBL3534215,1924285,Cytochrome P450 3A5,Homo sapiens,Homo sapiens,D,<,1.0,nM,Drug metabolism,,91978,12739,PROTEIN,SINGLE PROTEIN,9,CCOc1cc(CC(=O)N[C@@H](CC(C)C)c2ccccc2NCCCCC(=O)O)ccc1C(=O)O
233,CHEMBL3526380,CHEMBL3534566,1924076,Cytochrome P450 3A5,Homo sapiens,Homo sapiens,D,,,,Drug metabolism,metabolite_detected,92014,12739,PROTEIN,SINGLE PROTEIN,9,CS(=O)(=O)CCNCc1oc(cc1)c2ccc3ncnc(\N=C\4/C=CC(=O)C(=C4)Cl)c3c2
234,CHEMBL3526380,CHEMBL3534567,1924076,Cytochrome P450 3A5,Homo sapiens,Homo sapiens,D,,,,Drug metabolism,metabolite_detected,92014,12739,PROTEIN,SINGLE PROTEIN,9,CS(=O)(=O)CCNCc1oc(cc1)c2ccc3ncnc(\N=C\4/C=CC(=O)C(=C4)Cl)c3c2
235,CHEMBL554,CHEMBL3534568,14805,Cytochrome P450 3A5,Homo sapiens,Homo sapiens,D,=,0.601,/min/mM,Ratio,,92014,12739,PROTEIN,SINGLE PROTEIN,9,CS(=O)(=O)CCNCc1oc(cc1)c2ccc3ncnc(Nc4ccc(OCc5cccc(F)c5)c(Cl)c4)c3c2
236,CHEMBL1272,CHEMBL3536476,248669,Cytochrome P450 3A5,Homo sapiens,Homo sapiens,D,=,66000.0,nM,Km,,91978,12739,PROTEIN,SINGLE PROTEIN,9,CCOc1cc(CC(=O)N[C@@H](CC(C)C)c2ccccc2N3CCCCC3)ccc1C(=O)O
237,CHEMBL1272,CHEMBL3536482,248669,Cytochrome P450 3A5,Homo sapiens,Homo sapiens,D,=,1.4,uL/min/nmol,CL free,,91978,12739,PROTEIN,SINGLE PROTEIN,9,CCOc1cc(CC(=O)N[C@@H](CC(C)C)c2ccccc2N3CCCCC3)ccc1C(=O)O
238,CHEMBL1272,CHEMBL3536842,248669,Cytochrome P450 3A5,Homo sapiens,Homo sapiens,D,,,,Vmax,Not Determined,91978,12739,PROTEIN,SINGLE PROTEIN,9,CCOc1cc(CC(=O)N[C@@H](CC(C)C)c2ccccc2N3CCCCC3)ccc1C(=O)O
239,CHEMBL1272,CHEMBL3536848,248669,Cytochrome P450 3A5,Homo sapiens,Homo sapiens,D,,,,Km,Not Determined,91978,12739,PROTEIN,SINGLE PROTEIN,9,CCOc1cc(CC(=O)N[C@@H](CC(C)C)c2ccccc2N3CCCCC3)ccc1C(=O)O
240,CHEMBL1272,CHEMBL3536854,248669,Cytochrome P450 3A5,Homo sapiens,Homo sapiens,D,,,,CL free,Not Determined,91978,12739,PROTEIN,SINGLE PROTEIN,9,CCOc1cc(CC(=O)N[C@@H](CC(C)C)c2ccccc2N3CCCCC3)ccc1C(=O)O
241,CHEMBL1272,CHEMBL3531314,248669,Cytochrome P450 3A5,Homo sapiens,Homo sapiens,D,=,0.05,pmol/min/pmol,Vmax,,91978,12739,PROTEIN,SINGLE PROTEIN,9,CCOc1cc(CC(=O)N[C@@H](CC(C)C)c2ccccc2N3CCCCC3)ccc1C(=O)O
242,CHEMBL1272,CHEMBL3531320,248669,Cytochrome P450 3A5,Homo sapiens,Homo sapiens,D,>=,150000.0,nM,Km,,91978,12739,PROTEIN,SINGLE PROTEIN,9,CCOc1cc(CC(=O)N[C@@H](CC(C)C)c2ccccc2N3CCCCC3)ccc1C(=O)O
243,CHEMBL1272,CHEMBL3531694,248669,Cytochrome P450 3A5,Homo sapiens,Homo sapiens,D,=,0.19,uL/min/nmol,CL free,,91978,12739,PROTEIN,SINGLE PROTEIN,9,CCOc1cc(CC(=O)N[C@@H](CC(C)C)c2ccccc2N3CCCCC3)ccc1C(=O)O
244,CHEMBL1272,CHEMBL3533981,248669,Cytochrome P450 3A5,Homo sapiens,Homo sapiens,D,=,0.08,pmol/min/pmol,Vmax,,91978,12739,PROTEIN,SINGLE PROTEIN,9,CCOc1cc(CC(=O)N[C@@H](CC(C)C)c2ccccc2N3CCCCC3)ccc1C(=O)O
245,CHEMBL554,CHEMBL3535030,14805,Cytochrome P450 3A5,Homo sapiens,Homo sapiens,D,,,,Inhibition,tde,92014,12739,PROTEIN,SINGLE PROTEIN,9,CS(=O)(=O)CCNCc1oc(cc1)c2ccc3ncnc(Nc4ccc(OCc5cccc(F)c5)c(Cl)c4)c3c2
246,CHEMBL554,CHEMBL3535031,14805,Cytochrome P450 3A5,Homo sapiens,Homo sapiens,D,,,,Inhibition,Dose-dependent effect,92014,12739,PROTEIN,SINGLE PROTEIN,9,CS(=O)(=O)CCNCc1oc(cc1)c2ccc3ncnc(Nc4ccc(OCc5cccc(F)c5)c(Cl)c4)c3c2
247,CHEMBL554,CHEMBL3535031,14805,Cytochrome P450 3A5,Homo sapiens,Homo sapiens,D,=,37600.0,nM,Ki,,92014,12739,PROTEIN,SINGLE PROTEIN,9,CS(=O)(=O)CCNCc1oc(cc1)c2ccc3ncnc(Nc4ccc(OCc5cccc(F)c5)c(Cl)c4)c3c2
248,CHEMBL554,CHEMBL3535031,14805,Cytochrome P450 3A5,Homo sapiens,Homo sapiens,D,=,0.0226,/min,Kinact,,92014,12739,PROTEIN,SINGLE PROTEIN,9,CS(=O)(=O)CCNCc1oc(cc1)c2ccc3ncnc(Nc4ccc(OCc5cccc(F)c5)c(Cl)c4)c3c2
249,CHEMBL554,CHEMBL3535032,14805,Cytochrome P450 3A5,Homo sapiens,Homo sapiens,D,,,,Inhibition,Not Active,92014,12739,PROTEIN,SINGLE PROTEIN,9,CS(=O)(=O)CCNCc1oc(cc1)c2ccc3ncnc(Nc4ccc(OCc5cccc(F)c5)c(Cl)c4)c3c2
250,CHEMBL554,CHEMBL3535033,14805,Cytochrome P450 3A5,Homo sapiens,Homo sapiens,D,,,,Inhibition,Not Active,92014,12739,PROTEIN,SINGLE PROTEIN,9,CS(=O)(=O)CCNCc1oc(cc1)c2ccc3ncnc(Nc4ccc(OCc5cccc(F)c5)c(Cl)c4)c3c2
251,CHEMBL3526326,CHEMBL3535034,1924022,Cytochrome P450 3A5,Homo sapiens,Homo sapiens,D,,,,Inhibition,Not Active,92014,12739,PROTEIN,SINGLE PROTEIN,9,CS(=O)(=O)CCNCc1oc(cc1)c2ccc3ncnc(Nc4ccc(O)c(Cl)c4)c3c2
252,CHEMBL554,CHEMBL3535035,14805,Cytochrome P450 3A5,Homo sapiens,Homo sapiens,D,,,,Inhibition,Not Active,92014,12739,PROTEIN,SINGLE PROTEIN,9,CS(=O)(=O)CCNCc1oc(cc1)c2ccc3ncnc(Nc4ccc(OCc5cccc(F)c5)c(Cl)c4)c3c2
253,CHEMBL554,CHEMBL3535036,14805,Cytochrome P450 3A5,Homo sapiens,Homo sapiens,D,,,,Inhibition,Active,92014,12739,PROTEIN,SINGLE PROTEIN,9,CS(=O)(=O)CCNCc1oc(cc1)c2ccc3ncnc(Nc4ccc(OCc5cccc(F)c5)c(Cl)c4)c3c2
254,CHEMBL554,CHEMBL3535037,14805,Cytochrome P450 3A5,Homo sapiens,Homo sapiens,D,,,,Inhibition,Active,92014,12739,PROTEIN,SINGLE PROTEIN,9,CS(=O)(=O)CCNCc1oc(cc1)c2ccc3ncnc(Nc4ccc(OCc5cccc(F)c5)c(Cl)c4)c3c2
255,CHEMBL554,CHEMBL3535038,14805,Cytochrome P450 3A5,Homo sapiens,Homo sapiens,D,,,,Inhibition,Active,92014,12739,PROTEIN,SINGLE PROTEIN,9,CS(=O)(=O)CCNCc1oc(cc1)c2ccc3ncnc(Nc4ccc(OCc5cccc(F)c5)c(Cl)c4)c3c2
256,CHEMBL554,CHEMBL3535039,14805,Cytochrome P450 3A5,Homo sapiens,Homo sapiens,D,,,,Inhibition,Not Active,92014,12739,PROTEIN,SINGLE PROTEIN,9,CS(=O)(=O)CCNCc1oc(cc1)c2ccc3ncnc(Nc4ccc(OCc5cccc(F)c5)c(Cl)c4)c3c2
257,CHEMBL554,CHEMBL3535041,14805,Cytochrome P450 3A5,Homo sapiens,Homo sapiens,D,=,22.0,%,Inhibition,,92014,12739,PROTEIN,SINGLE PROTEIN,9,CS(=O)(=O)CCNCc1oc(cc1)c2ccc3ncnc(Nc4ccc(OCc5cccc(F)c5)c(Cl)c4)c3c2
258,CHEMBL554,CHEMBL3535400,14805,Cytochrome P450 3A5,Homo sapiens,Homo sapiens,D,=,1.71,min,Retention_time,,92014,12739,PROTEIN,SINGLE PROTEIN,9,CS(=O)(=O)CCNCc1oc(cc1)c2ccc3ncnc(Nc4ccc(OCc5cccc(F)c5)c(Cl)c4)c3c2
259,CHEMBL3526326,CHEMBL3535401,1924022,Cytochrome P450 3A5,Homo sapiens,Homo sapiens,D,,,,Drug metabolism,metabolite_detected,92014,12739,PROTEIN,SINGLE PROTEIN,9,CS(=O)(=O)CCNCc1oc(cc1)c2ccc3ncnc(Nc4ccc(O)c(Cl)c4)c3c2
260,CHEMBL3407539,CHEMBL3535406,1834287,Cytochrome P450 3A5,Homo sapiens,Homo sapiens,D,=,72000.0,nM,Km,,92025,12739,PROTEIN,SINGLE PROTEIN,9,C[C@]12CC[C@H]3[C@@H](C=C(CO)C4=CC(=O)C=C[C@]34C)[C@@H]1CCC2=O
261,CHEMBL3407539,CHEMBL3535406,1834287,Cytochrome P450 3A5,Homo sapiens,Homo sapiens,D,=,9.76,pmol/mg.min,Vmax(app),,92025,12739,PROTEIN,SINGLE PROTEIN,9,C[C@]12CC[C@H]3[C@@H](C=C(CO)C4=CC(=O)C=C[C@]34C)[C@@H]1CCC2=O
262,CHEMBL3407539,CHEMBL3535410,1834287,Cytochrome P450 3A5,Homo sapiens,Homo sapiens,D,=,0.13,uL/min.mg,Vmax/Km,,92025,12739,PROTEIN,SINGLE PROTEIN,9,C[C@]12CC[C@H]3[C@@H](C=C(CO)C4=CC(=O)C=C[C@]34C)[C@@H]1CCC2=O
263,CHEMBL3526326,CHEMBL3531377,1924022,Cytochrome P450 3A5,Homo sapiens,Homo sapiens,D,,,,Drug metabolism,metabolite_detected,92078,12739,PROTEIN,SINGLE PROTEIN,9,CS(=O)(=O)CCNCc1oc(cc1)c2ccc3ncnc(Nc4ccc(O)c(Cl)c4)c3c2
264,CHEMBL3542267,CHEMBL3531377,1925394,Cytochrome P450 3A5,Homo sapiens,Homo sapiens,D,,,,Drug metabolism,metabolite_detected,92078,12739,PROTEIN,SINGLE PROTEIN,9,CS(=O)(=O)CCNC(O)c1oc(cc1)c2ccc3ncnc(Nc4ccc(O)c(Cl)c4)c3c2
265,CHEMBL3526763,CHEMBL3531377,1924463,Cytochrome P450 3A5,Homo sapiens,Homo sapiens,D,,,,Drug metabolism,metabolite_detected,92078,12739,PROTEIN,SINGLE PROTEIN,9,NCc1oc(cc1)c2ccc3ncnc(Nc4ccc(OCc5cccc(F)c5)c(Cl)c4)c3c2
266,CHEMBL3526764,CHEMBL3531377,1924464,Cytochrome P450 3A5,Homo sapiens,Homo sapiens,D,,,,Drug metabolism,metabolite_detected,92078,12739,PROTEIN,SINGLE PROTEIN,9,CS(=O)(=O)CC\[N+](=C\c1oc(cc1)c2ccc3ncnc(Nc4ccc(OCc5cccc(F)c5)c(Cl)c4)c3c2)\[O-]
267,CHEMBL3542268,CHEMBL3531377,1925395,Cytochrome P450 3A5,Homo sapiens,Homo sapiens,D,,,,Drug metabolism,metabolite_detected,92078,12739,PROTEIN,SINGLE PROTEIN,9,OCc1oc(cc1)c2ccc3ncnc(Nc4ccc(OCc5cccc(F)c5)c(Cl)c4)c3c2
268,CHEMBL3526479,CHEMBL3531377,1924176,Cytochrome P450 3A5,Homo sapiens,Homo sapiens,D,,,,Drug metabolism,metabolite_detected,92078,12739,PROTEIN,SINGLE PROTEIN,9,CS(=O)(=O)CCN(O)Cc1oc(cc1)c2ccc3ncnc(Nc4ccc(OCc5cccc(F)c5)c(Cl)c4)c3c2
269,CHEMBL3526480,CHEMBL3531377,1924177,Cytochrome P450 3A5,Homo sapiens,Homo sapiens,D,,,,Drug metabolism,metabolite_detected,92078,12739,PROTEIN,SINGLE PROTEIN,9,O\N=C\c1oc(cc1)c2ccc3ncnc(Nc4ccc(OCc5cccc(F)c5)c(Cl)c4)c3c2
270,CHEMBL3527095,CHEMBL3531377,1924798,Cytochrome P450 3A5,Homo sapiens,Homo sapiens,D,,,,Drug metabolism,metabolite_detected,92078,12739,PROTEIN,SINGLE PROTEIN,9,Fc1cccc(COc2ccc(Nc3ncnc4ccc(cc34)c5oc(C=O)cc5)cc2Cl)c1
271,CHEMBL554,CHEMBL3531380,14805,Cytochrome P450 3A5,Homo sapiens,Homo sapiens,D,=,45.0,%,Inhibition,,92078,12739,PROTEIN,SINGLE PROTEIN,9,CS(=O)(=O)CCNCc1oc(cc1)c2ccc3ncnc(Nc4ccc(OCc5cccc(F)c5)c(Cl)c4)c3c2
272,CHEMBL554,CHEMBL3531383,14805,Cytochrome P450 3A5,Homo sapiens,Homo sapiens,D,,,,Inhibition,Active,92078,12739,PROTEIN,SINGLE PROTEIN,9,CS(=O)(=O)CCNCc1oc(cc1)c2ccc3ncnc(Nc4ccc(OCc5cccc(F)c5)c(Cl)c4)c3c2
273,CHEMBL3526326,CHEMBL3531386,1924022,Cytochrome P450 3A5,Homo sapiens,Homo sapiens,D,=,0.8,%,Drug metabolism,,92078,12739,PROTEIN,SINGLE PROTEIN,9,CS(=O)(=O)CCNCc1oc(cc1)c2ccc3ncnc(Nc4ccc(O)c(Cl)c4)c3c2
274,CHEMBL3542267,CHEMBL3531386,1925394,Cytochrome P450 3A5,Homo sapiens,Homo sapiens,D,=,0.0,%,Drug metabolism,,92078,12739,PROTEIN,SINGLE PROTEIN,9,CS(=O)(=O)CCNC(O)c1oc(cc1)c2ccc3ncnc(Nc4ccc(O)c(Cl)c4)c3c2
275,CHEMBL3526763,CHEMBL3531386,1924463,Cytochrome P450 3A5,Homo sapiens,Homo sapiens,D,=,79.8,%,Drug metabolism,,92078,12739,PROTEIN,SINGLE PROTEIN,9,NCc1oc(cc1)c2ccc3ncnc(Nc4ccc(OCc5cccc(F)c5)c(Cl)c4)c3c2
276,CHEMBL3526764,CHEMBL3531386,1924464,Cytochrome P450 3A5,Homo sapiens,Homo sapiens,D,=,3.0,%,Drug metabolism,,92078,12739,PROTEIN,SINGLE PROTEIN,9,CS(=O)(=O)CC\[N+](=C\c1oc(cc1)c2ccc3ncnc(Nc4ccc(OCc5cccc(F)c5)c(Cl)c4)c3c2)\[O-]
277,CHEMBL3542268,CHEMBL3531386,1925395,Cytochrome P450 3A5,Homo sapiens,Homo sapiens,D,=,96.0,%,Drug metabolism,,92078,12739,PROTEIN,SINGLE PROTEIN,9,OCc1oc(cc1)c2ccc3ncnc(Nc4ccc(OCc5cccc(F)c5)c(Cl)c4)c3c2
278,CHEMBL3526479,CHEMBL3531386,1924176,Cytochrome P450 3A5,Homo sapiens,Homo sapiens,D,=,11.6,%,Drug metabolism,,92078,12739,PROTEIN,SINGLE PROTEIN,9,CS(=O)(=O)CCN(O)Cc1oc(cc1)c2ccc3ncnc(Nc4ccc(OCc5cccc(F)c5)c(Cl)c4)c3c2
279,CHEMBL3526480,CHEMBL3531386,1924177,Cytochrome P450 3A5,Homo sapiens,Homo sapiens,D,=,87.5,%,Drug metabolism,,92078,12739,PROTEIN,SINGLE PROTEIN,9,O\N=C\c1oc(cc1)c2ccc3ncnc(Nc4ccc(OCc5cccc(F)c5)c(Cl)c4)c3c2
280,CHEMBL3527095,CHEMBL3531386,1924798,Cytochrome P450 3A5,Homo sapiens,Homo sapiens,D,=,183.8,%,Drug metabolism,,92078,12739,PROTEIN,SINGLE PROTEIN,9,Fc1cccc(COc2ccc(Nc3ncnc4ccc(cc34)c5oc(C=O)cc5)cc2Cl)c1
281,CHEMBL3542381,CHEMBL3532133,1925508,Cytochrome P450 3A5,Homo sapiens,Homo sapiens,D,,,,Drug metabolism,metabolite_detected,92051,12739,PROTEIN,SINGLE PROTEIN,9,C[C@H]1OC(=O)[C@@H]2C[C@@H]3C[C@@H](CC[C@H]3[C@H](\C=C\c4ccc(cn4)c5cccc(F)c5)[C@H]12)NC(=O)OCCO
282,CHEMBL3526952,CHEMBL3528184,1924654,Cytochrome P450 3A5,Homo sapiens,Homo sapiens,D,=,53000.0,nM,Km,,92025,12739,PROTEIN,SINGLE PROTEIN,9,C[C@]12CC[C@H]3[C@@H](CC(=C)C4=CC(=O)C=C[C@]34C)[C@@H]1CCC2O
283,CHEMBL3526952,CHEMBL3528184,1924654,Cytochrome P450 3A5,Homo sapiens,Homo sapiens,D,=,1.89,pmol/mg.min,Vmax(app),,92025,12739,PROTEIN,SINGLE PROTEIN,9,C[C@]12CC[C@H]3[C@@H](CC(=C)C4=CC(=O)C=C[C@]34C)[C@@H]1CCC2O
284,CHEMBL3407539,CHEMBL3528389,1834287,Cytochrome P450 3A5,Homo sapiens,Homo sapiens,D,=,0.3,pmol/min,Drug metabolism,,92025,12739,PROTEIN,SINGLE PROTEIN,9,C[C@]12CC[C@H]3[C@@H](C=C(CO)C4=CC(=O)C=C[C@]34C)[C@@H]1CCC2=O
285,CHEMBL3526952,CHEMBL3528399,1924654,Cytochrome P450 3A5,Homo sapiens,Homo sapiens,D,=,0.21,pmol/min,Drug metabolism,,92025,12739,PROTEIN,SINGLE PROTEIN,9,C[C@]12CC[C@H]3[C@@H](CC(=C)C4=CC(=O)C=C[C@]34C)[C@@H]1CCC2O
286,CHEMBL3542336,CHEMBL3529560,1925463,Cytochrome P450 3A5,Homo sapiens,Homo sapiens,D,,,,Drug metabolism,metabolite_detected,92051,12739,PROTEIN,SINGLE PROTEIN,9,CCOC(=O)N[C@@H]1CC[C@@H]2[C@@H](C1)C[C@@H]3[C@@H]([C@@H](C)OC3=O)[C@H]2\C=[14CH]\c4ccc(cn4)c5cccc(F)c5
287,CHEMBL498785,CHEMBL3529561,486840,Cytochrome P450 3A5,Homo sapiens,Homo sapiens,D,,,,Drug metabolism,metabolite_detected,92051,12739,PROTEIN,SINGLE PROTEIN,9,C[C@H]1OC(=O)[C@@H]2C[C@@H]3C[C@H](N)CC[C@H]3[C@H](\C=C\c4ccc(cn4)c5cccc(F)c5)[C@H]12
288,CHEMBL3542336,CHEMBL3529774,1925463,Cytochrome P450 3A5,Homo sapiens,Homo sapiens,D,,,,Drug metabolism,metabolite_detected,92051,12739,PROTEIN,SINGLE PROTEIN,9,CCOC(=O)N[C@@H]1CC[C@@H]2[C@@H](C1)C[C@@H]3[C@@H]([C@@H](C)OC3=O)[C@H]2\C=[14CH]\c4ccc(cn4)c5cccc(F)c5
289,CHEMBL3526244,CHEMBL3527754,1923939,Cytochrome P450 3A5,Homo sapiens,Homo sapiens,D,,,,Drug metabolism,metabolite_detected,92114,12739,PROTEIN,SINGLE PROTEIN,9,COc1ccc2nc(COc3ccc(CC(S)C(=O)O)cc3)n(C)c2c1
290,CHEMBL633,CHEMBL3529127,27185,Cytochrome P450 3A5,Homo sapiens,Homo sapiens,D,,,,Drug metabolism,metabolite_not_detected,91914,12739,PROTEIN,SINGLE PROTEIN,9,CCCCc1oc2ccccc2c1C(=O)c3cc(I)c(OCCN(CC)CC)c(I)c3
291,CHEMBL3526952,CHEMBL3530241,1924654,Cytochrome P450 3A5,Homo sapiens,Homo sapiens,D,=,0.036,uL/min.mg,Vmax/Km,,92025,12739,PROTEIN,SINGLE PROTEIN,9,C[C@]12CC[C@H]3[C@@H](CC(=C)C4=CC(=O)C=C[C@]34C)[C@@H]1CCC2O
292,CHEMBL3542265,CHEMBL3530996,1925392,Cytochrome P450 3A5,Homo sapiens,Homo sapiens,D,,,,Drug metabolism,metabolite_not_detected,92071,12739,PROTEIN,SINGLE PROTEIN,9,CC(C)OC(=O)N[C@H]1Cc2c(C1)n(Cc3ccccn3)c4ccc(cc24)C#N
293,CHEMBL554,CHEMBL3527631,14805,Cytochrome P450 3A5,Homo sapiens,Homo sapiens,D,,,,Drug metabolism,metabolite_detected,92078,12739,PROTEIN,SINGLE PROTEIN,9,CS(=O)(=O)CCNCc1oc(cc1)c2ccc3ncnc(Nc4ccc(OCc5cccc(F)c5)c(Cl)c4)c3c2
294,CHEMBL554,CHEMBL3527632,14805,Cytochrome P450 3A5,Homo sapiens,Homo sapiens,D,,,,Drug metabolism,metabolite_detected,92078,12739,PROTEIN,SINGLE PROTEIN,9,CS(=O)(=O)CCNCc1oc(cc1)c2ccc3ncnc(Nc4ccc(OCc5cccc(F)c5)c(Cl)c4)c3c2
295,CHEMBL554,CHEMBL3527633,14805,Cytochrome P450 3A5,Homo sapiens,Homo sapiens,D,,,,Drug metabolism,metabolite_detected,92078,12739,PROTEIN,SINGLE PROTEIN,9,CS(=O)(=O)CCNCc1oc(cc1)c2ccc3ncnc(Nc4ccc(OCc5cccc(F)c5)c(Cl)c4)c3c2
296,CHEMBL554,CHEMBL3527786,14805,Cytochrome P450 3A5,Homo sapiens,Homo sapiens,D,,,,Drug metabolism,metabolite_detected,92078,12739,PROTEIN,SINGLE PROTEIN,9,CS(=O)(=O)CCNCc1oc(cc1)c2ccc3ncnc(Nc4ccc(OCc5cccc(F)c5)c(Cl)c4)c3c2
297,CHEMBL554,CHEMBL3527787,14805,Cytochrome P450 3A5,Homo sapiens,Homo sapiens,D,,,,Drug metabolism,metabolite_detected,92078,12739,PROTEIN,SINGLE PROTEIN,9,CS(=O)(=O)CCNCc1oc(cc1)c2ccc3ncnc(Nc4ccc(OCc5cccc(F)c5)c(Cl)c4)c3c2
298,CHEMBL554,CHEMBL3527788,14805,Cytochrome P450 3A5,Homo sapiens,Homo sapiens,D,,,,Drug metabolism,metabolite_detected,92078,12739,PROTEIN,SINGLE PROTEIN,9,CS(=O)(=O)CCNCc1oc(cc1)c2ccc3ncnc(Nc4ccc(OCc5cccc(F)c5)c(Cl)c4)c3c2
299,CHEMBL554,CHEMBL3527789,14805,Cytochrome P450 3A5,Homo sapiens,Homo sapiens,D,,,,Drug metabolism,metabolite_detected,92078,12739,PROTEIN,SINGLE PROTEIN,9,CS(=O)(=O)CCNCc1oc(cc1)c2ccc3ncnc(Nc4ccc(OCc5cccc(F)c5)c(Cl)c4)c3c2
300,CHEMBL554,CHEMBL3527790,14805,Cytochrome P450 3A5,Homo sapiens,Homo sapiens,D,,,,Drug metabolism,metabolite_detected,92078,12739,PROTEIN,SINGLE PROTEIN,9,CS(=O)(=O)CCNCc1oc(cc1)c2ccc3ncnc(Nc4ccc(OCc5cccc(F)c5)c(Cl)c4)c3c2
301,CHEMBL1614710,CHEMBL3530454,1037721,Cytochrome P450 3A5,Homo sapiens,Homo sapiens,D,=,100.0,%,Activity,,91933,12739,PROTEIN,SINGLE PROTEIN,9,FC(F)(F)Oc1ccc(NC(=O)c2sccc2NCc3ccnc4ccccc34)cc1
302,CHEMBL3589861,CHEMBL3592090,1951015,Cytochrome P450 3A5,Homo sapiens,Homo sapiens,D,,,,Inhibition,Not Active,92703,12739,PROTEIN,SINGLE PROTEIN,9,COC[C@@H](NC(=O)C)C(=O)NCc1ccc(Oc2cccc(OC(F)(F)F)c2)cc1
303,CHEMBL3605542,CHEMBL3607269,1958591,Cytochrome P450 3A5,Homo sapiens,Homo sapiens,D,=,830.0,nM,IC50,,93200,12739,PROTEIN,SINGLE PROTEIN,9,CCn1c(nc2ccc(cc12)C(F)(F)F)[C@@H](C)NS(=O)(=O)c3cccnc3
304,CHEMBL3605557,CHEMBL3607269,1958607,Cytochrome P450 3A5,Homo sapiens,Homo sapiens,D,>,20000.0,nM,IC50,,93200,12739,PROTEIN,SINGLE PROTEIN,9,CCn1c(nc2cnc(cc12)C(F)(F)F)[C@@H](C)NS(=O)(=O)c3ccc(nc3)C#N
305,CHEMBL3605558,CHEMBL3607269,1958608,Cytochrome P450 3A5,Homo sapiens,Homo sapiens,D,>,20000.0,nM,IC50,,93200,12739,PROTEIN,SINGLE PROTEIN,9,CCn1c(nc2cnc(cc12)C3CC3)[C@@H](C)NS(=O)(=O)c4ccc(nc4)C#N
306,CHEMBL3605516,CHEMBL3607275,1958565,Cytochrome P450 3A5,Homo sapiens,Homo sapiens,D,,,,Activity,Dose-dependent effect,93200,12739,PROTEIN,SINGLE PROTEIN,9,CCn1c(nc2ccc(cc12)C(F)(F)F)[C@@H](C)NS(=O)(=O)c3ccc(Cl)cc3
307,CHEMBL3605516,CHEMBL3607277,1958565,Cytochrome P450 3A5,Homo sapiens,Homo sapiens,D,,,,Activity,Active,93200,12739,PROTEIN,SINGLE PROTEIN,9,CCn1c(nc2ccc(cc12)C(F)(F)F)[C@@H](C)NS(=O)(=O)c3ccc(Cl)cc3
308,CHEMBL374478,CHEMBL3607277,365189,Cytochrome P450 3A5,Homo sapiens,Homo sapiens,D,,,,Activity,Active,93200,12739,PROTEIN,SINGLE PROTEIN,9,CO[C@H]1\C=C\O[C@@]2(C)Oc3c(C)c(O)c4c(O)c(NC(=O)\C(=C/C=C/[C@H](C)[C@H](O)[C@@H](C)[C@@H](O)[C@@H](C)[C@H](OC(=O)C)[C@@H]1C)\C)c(\C=N\N5CCN(C)CC5)c(O)c4c3C2=O
309,CHEMBL3605552,CHEMBL3607280,1958602,Cytochrome P450 3A5,Homo sapiens,Homo sapiens,D,<,40.0,%,Activity,,93200,12739,PROTEIN,SINGLE PROTEIN,9,CCn1c(nc2cnccc12)[C@@H](C)NS(=O)(=O)c3ccc(cc3)C#N
310,CHEMBL3605553,CHEMBL3607280,1958603,Cytochrome P450 3A5,Homo sapiens,Homo sapiens,D,<,40.0,%,Activity,,93200,12739,PROTEIN,SINGLE PROTEIN,9,CCn1c(nc2cnc(OC)cc12)[C@@H](C)NS(=O)(=O)c3ccc(cc3)C#N
311,CHEMBL3605554,CHEMBL3607280,1958604,Cytochrome P450 3A5,Homo sapiens,Homo sapiens,D,<,40.0,%,Activity,,93200,12739,PROTEIN,SINGLE PROTEIN,9,CCn1c(nc2cnc(cc12)C(F)(F)F)[C@@H](C)NS(=O)(=O)c3ccc(cc3)C#N
312,CHEMBL3605555,CHEMBL3607280,1958605,Cytochrome P450 3A5,Homo sapiens,Homo sapiens,D,<,40.0,%,Activity,,93200,12739,PROTEIN,SINGLE PROTEIN,9,CCn1c(nc2cnc(cc12)C3CC3)[C@@H](C)NS(=O)(=O)c4ccc(cc4)C#N
313,CHEMBL3605556,CHEMBL3607280,1958606,Cytochrome P450 3A5,Homo sapiens,Homo sapiens,D,<,40.0,%,Activity,,93200,12739,PROTEIN,SINGLE PROTEIN,9,CCn1c(nc2cnc(OC)cc12)[C@@H](C)NS(=O)(=O)c3ccc(nc3)C#N
314,CHEMBL3605557,CHEMBL3607280,1958607,Cytochrome P450 3A5,Homo sapiens,Homo sapiens,D,<,40.0,%,Activity,,93200,12739,PROTEIN,SINGLE PROTEIN,9,CCn1c(nc2cnc(cc12)C(F)(F)F)[C@@H](C)NS(=O)(=O)c3ccc(nc3)C#N
315,CHEMBL3605558,CHEMBL3607280,1958608,Cytochrome P450 3A5,Homo sapiens,Homo sapiens,D,<,40.0,%,Activity,,93200,12739,PROTEIN,SINGLE PROTEIN,9,CCn1c(nc2cnc(cc12)C3CC3)[C@@H](C)NS(=O)(=O)c4ccc(nc4)C#N
316,CHEMBL3623290,CHEMBL3624609,1966980,Cytochrome P450 3A5,Homo sapiens,Homo sapiens,D,>,50.0,nM,IC50,,93627,12739,PROTEIN,SINGLE PROTEIN,9,COc1cc2ncnc(Nc3cccc(Cl)c3F)c2cc1OC(=O)N4CCN(C)C[C@H]4C
317,CHEMBL3781527,CHEMBL3784241,2075742,Cytochrome P450 3A5,Homo sapiens,Homo sapiens,D,,,,Drug metabolism,metabolite_detected,98707,12739,PROTEIN,SINGLE PROTEIN,9,CC(=O)O[C@@]12CO[C@@H]1C[C@H](O)[C@]3(C)C2[C@H](OC(=O)c4ccccc4)[C@]5(O)C[C@H](OC(=O)[C@H](O)[C@@H](NC(=O)OC(C)(C)C(F)(F)F)c6ccccc6)C(=C([C@@H](O)C3=O)C5(C)C)C
318,CHEMBL3781527,CHEMBL3784242,2075742,Cytochrome P450 3A5,Homo sapiens,Homo sapiens,D,,,,Drug metabolism,metabolite_detected,98707,12739,PROTEIN,SINGLE PROTEIN,9,CC(=O)O[C@@]12CO[C@@H]1C[C@H](O)[C@]3(C)C2[C@H](OC(=O)c4ccccc4)[C@]5(O)C[C@H](OC(=O)[C@H](O)[C@@H](NC(=O)OC(C)(C)C(F)(F)F)c6ccccc6)C(=C([C@@H](O)C3=O)C5(C)C)C
319,CHEMBL3781527,CHEMBL3782868,2075742,Cytochrome P450 3A5,Homo sapiens,Homo sapiens,D,,,,Drug metabolism,metabolite_detected,98707,12739,PROTEIN,SINGLE PROTEIN,9,CC(=O)O[C@@]12CO[C@@H]1C[C@H](O)[C@]3(C)C2[C@H](OC(=O)c4ccccc4)[C@]5(O)C[C@H](OC(=O)[C@H](O)[C@@H](NC(=O)OC(C)(C)C(F)(F)F)c6ccccc6)C(=C([C@@H](O)C3=O)C5(C)C)C
320,CHEMBL3781527,CHEMBL3782869,2075742,Cytochrome P450 3A5,Homo sapiens,Homo sapiens,D,,,,Drug metabolism,metabolite_detected,98707,12739,PROTEIN,SINGLE PROTEIN,9,CC(=O)O[C@@]12CO[C@@H]1C[C@H](O)[C@]3(C)C2[C@H](OC(=O)c4ccccc4)[C@]5(O)C[C@H](OC(=O)[C@H](O)[C@@H](NC(=O)OC(C)(C)C(F)(F)F)c6ccccc6)C(=C([C@@H](O)C3=O)C5(C)C)C
321,CHEMBL3781527,CHEMBL3782975,2075742,Cytochrome P450 3A5,Homo sapiens,Homo sapiens,D,,,,Drug metabolism,metabolite_notdetected,98707,12739,PROTEIN,SINGLE PROTEIN,9,CC(=O)O[C@@]12CO[C@@H]1C[C@H](O)[C@]3(C)C2[C@H](OC(=O)c4ccccc4)[C@]5(O)C[C@H](OC(=O)[C@H](O)[C@@H](NC(=O)OC(C)(C)C(F)(F)F)c6ccccc6)C(=C([C@@H](O)C3=O)C5(C)C)C
322,CHEMBL3781527,CHEMBL3782976,2075742,Cytochrome P450 3A5,Homo sapiens,Homo sapiens,D,,,,Drug metabolism,metabolite_notdetected,98707,12739,PROTEIN,SINGLE PROTEIN,9,CC(=O)O[C@@]12CO[C@@H]1C[C@H](O)[C@]3(C)C2[C@H](OC(=O)c4ccccc4)[C@]5(O)C[C@H](OC(=O)[C@H](O)[C@@H](NC(=O)OC(C)(C)C(F)(F)F)c6ccccc6)C(=C([C@@H](O)C3=O)C5(C)C)C
323,CHEMBL3781527,CHEMBL3782978,2075742,Cytochrome P450 3A5,Homo sapiens,Homo sapiens,D,,,,Drug metabolism,metabolite_detected,98707,12739,PROTEIN,SINGLE PROTEIN,9,CC(=O)O[C@@]12CO[C@@H]1C[C@H](O)[C@]3(C)C2[C@H](OC(=O)c4ccccc4)[C@]5(O)C[C@H](OC(=O)[C@H](O)[C@@H](NC(=O)OC(C)(C)C(F)(F)F)c6ccccc6)C(=C([C@@H](O)C3=O)C5(C)C)C
324,CHEMBL3781527,CHEMBL3782979,2075742,Cytochrome P450 3A5,Homo sapiens,Homo sapiens,D,,,,Drug metabolism,metabolite_detected,98707,12739,PROTEIN,SINGLE PROTEIN,9,CC(=O)O[C@@]12CO[C@@H]1C[C@H](O)[C@]3(C)C2[C@H](OC(=O)c4ccccc4)[C@]5(O)C[C@H](OC(=O)[C@H](O)[C@@H](NC(=O)OC(C)(C)C(F)(F)F)c6ccccc6)C(=C([C@@H](O)C3=O)C5(C)C)C
325,CHEMBL1963249,CHEMBL3880234,1284960,Cytochrome P450 3A5,Homo sapiens,Homo sapiens,D,,,,Inhibition,,102250,12739,PROTEIN,SINGLE PROTEIN,9,C[C@@H]1CN[C@@H](C2CC2)C(=O)N(C)[C@H](C)C(=O)N[C@H](Cc3ccc(F)cc3)C(=O)NCCCc4ccccc4O1
326,CHEMBL157101,CHEMBL3887124,255904,Cytochrome P450 3A5,,Homo sapiens,H,=,120.0,nM,IC50,312109,102558,12739,PROTEIN,SINGLE PROTEIN,8,CC(=O)N1CCN(CC1)c2ccc(OCC3COC(Cn4ccnc4)(O3)c5ccc(Cl)cc5Cl)cc2
327,CHEMBL4107005,CHEMBL3887124,2246356,Cytochrome P450 3A5,,Homo sapiens,H,=,10500.0,nM,IC50,339270,102558,12739,PROTEIN,SINGLE PROTEIN,8,CCCCCCCCCCCC(=O)OCC(CCP(=O)(O)OCCNC(=O)c1ccc(CN2C(=O)Nc3c(N)nc(OCCOC)nc23)cc1)OC(=O)CCCCCCCCCCC
328,CHEMBL4106421,CHEMBL3887493,2245772,Cytochrome P450 3A5,,Homo sapiens,H,=,10500.0,nM,IC50,340697,102723,12739,PROTEIN,SINGLE PROTEIN,8,CCCCCCCCCCCC(=O)OCC(COP(=O)(O)OCCNC(=O)c1ccc(CN2C(=O)Nc3c(N)nc(OCCOC)nc23)cc1)OC(=O)CCCCCCCCCCC
329,CHEMBL157101,CHEMBL3887493,255904,Cytochrome P450 3A5,,Homo sapiens,H,=,120.0,nM,IC50,340706,102723,12739,PROTEIN,SINGLE PROTEIN,8,CC(=O)N1CCN(CC1)c2ccc(OCC3COC(Cn4ccnc4)(O3)c5ccc(Cl)cc5Cl)cc2
330,CHEMBL3987016,CHEMBL4020285,2196387,Cytochrome P450 3A5,Homo sapiens,Homo sapiens,D,>,60.0,%,Drug metabolism,,104720,12739,PROTEIN,SINGLE PROTEIN,9,CCS(=O)(=O)Nc1ccc(Oc2ccc(F)cc2F)c(c1)C3=CN(C)C(=O)c4[nH]ccc34
331,CHEMBL3833371,CHEMBL4046693,2096422,Cytochrome P450 3A5,Homo sapiens,Homo sapiens,D,,,,Drug metabolism,Metabolite_Detected,105677,12739,PROTEIN,SINGLE PROTEIN,9,CC(C)OC(=O)[C@@H](C)N[P@@](=O)(OC[C@H]1O[C@@H](N2C=CC(=O)NC2=O)[C@](C)(Cl)[C@@H]1O)Oc3ccccc3
332,CHEMBL4080076,CHEMBL4050724,2219987,Cytochrome P450 3A5,Homo sapiens,Homo sapiens,D,=,0.0,%,Inhibition,,105836,12739,PROTEIN,SINGLE PROTEIN,9,CC1=C(Nc2cc(F)cc(F)c2C1=O)c3ccc(cc3)N4CCC(F)(F)C4
333,CHEMBL4068611,CHEMBL4051187,2208522,Cytochrome P450 3A5,Homo sapiens,Homo sapiens,D,=,4900.0,nM,IC50,,105851,12739,PROTEIN,SINGLE PROTEIN,9,Cn1cc(cn1)S(=O)(=O)N2CCC3=Cc4c(C[C@@]3(C2)C(=O)c5cc(ccn5)C(F)(F)F)cnn4c6ccc(F)cc6
334,CHEMBL4068611,CHEMBL4051195,2208522,Cytochrome P450 3A5,Homo sapiens,Homo sapiens,D,,,,TDI,Not Active,105851,12739,PROTEIN,SINGLE PROTEIN,9,Cn1cc(cn1)S(=O)(=O)N2CCC3=Cc4c(C[C@@]3(C2)C(=O)c5cc(ccn5)C(F)(F)F)cnn4c6ccc(F)cc6
