,Compound,Class,Set,Smiles,Type
0,Acenocoumarol,P+,Training,CC(=O)C[C@H](C1=CC=C(C=C1)[N+]([O-])=O)C2=C(O)C3=C(OC2=O)C=CC=C3,Inhibitor
1,Amiodarone,P+,Training,CCCCC1=C(C(=O)C2=CC(I)=C(OCCN(CC)CC)C(I)=C2)C3=CC=CC=C3O1,Inhibitor
2,Amitriptyline,P+,Training,CN(C)CCC=C1/C2=C(CCC3=C1C=CC=C3)C=CC=C2,Inhibitor
3,Amlodipine,P+,Training,CCOC(=O)C1=C(COCCN)NC(C)=C([C@H]1C2=C(Cl)C=CC=C2)C(=O)OC,Inhibitor
4,Anastrozole,P+,Training,CC(C)(C#N)C1=CC(CN2C=NC=N2)=CC(=C1)C(C)(C)C#N,Inhibitor
5,Astemizole,P+,Training,COC1=CC=C(CCN2CC[C@@H](CC2)NC3=NC4=CC=CC=C4N3CC5=CC=C(F)C=C5)C=C1,Inhibitor
6,Atazanavir,P+,Training,COC(=O)N[C@H](C(=O)N[C@@H](CC1=CC=CC=C1)[C@@H](O)CN(CC1=CC=C(C=C1)C1=CC=CC=N1)NC(=O)[C@@H](NC(=O)OC)C(C)(C)C)C(C)(C)C,Inhibitor
7,Atorvastatin,P+,Training,CC(C)C1=C(C(=O)NC2=CC=CC=C2)C(C3=CC=CC=C3)=C(N1CC[C@@H](O)C[C@@H](O)CC(O)=O)C4=CC=C(F)C=C4,Inhibitor
8,Atovaquone,P+,Training,OC1=C([C@H]2CC[C@@H](CC2)C3=CC=C(Cl)C=C3)C(=O)C4=C(C=CC=C4)C1=O,Inhibitor
9,Azapropazone,P+,Training,CCC[C@H]1C(=O)N2N(C1=O)C(=NC3=C2C=C(C)C=C3)N(C)C,Inhibitor
10,Azelastine,P+,Training,CN1CCC[C@@H](CC1)N2N=C(CC3=CC=C(Cl)C=C3)C4=CC=CC=C4C2=O,Inhibitor
11,Barnidipine,P+,Training,COC(=O)C1=C(C)NC(C)=C([C@@H]1C2=CC(=CC=C2)[N+]([O-])=O)C(=O)O[C@H]3CCN(C3)CC4=CC=CC=C4,Inhibitor
12,Benzbromarone,P+,Training,CCC1=C(C(=O)C2=CC(Br)=C(O)C(Br)=C2)C3=CC=CC=C3O1,Inhibitor
13,Buprenorphine,P+,Training,CO[C@@]12CC[C@]3(C[C@H]1[C@](C)(O)C(C)(C)C)[C@@H]4CC5=CC=C(O)C6=C5[C@]3(CCN4C[C@@H]7CC7)[C@@H]2O6,Inhibitor
14,Candesartan,P+,Training,CCOC1=NC2=CC=CC(C(O)=O)=C2N1CC3=CC=C(C=C3)C4=CC=CC=C4C5=NN=NN5,Inhibitor
15,Cerivastatin,P+,Training,COCC1=C(C2=CC=C(F)C=C2)C(C=C[C@@H](O)C[C@@H](O)CC(O)=O)=C(N=C1C(C)C)C(C)C,Inhibitor
16,Chloramphenicol,P+,Training,OC[C@@H](NC(=O)C(Cl)Cl)[C@H](O)C1=CC=C(C=C1)[N+]([O-])=O,Inhibitor
17,Chlorpromazine,P+,Training,CN(C)CCCN1C2=C(SC3=C1C=C(Cl)C=C3)C=CC=C2,Inhibitor
18,Cilnidipine,P+,Training,COCCOC(=O)C1=C(C)NC(C)=C([C@H]1C2=CC(=CC=C2)[N+]([O-])=O)C(=O)OCC=CC3=CC=CC=C3,Inhibitor
19,Cimetidine,P+,Training,CNC(NCCSCC1=C(C)NC=N1)=N/C#N,Inhibitor
20,Citalopram,P+,Training,CN(C)CCC[C@@]1(OCC2=C1C=CC(=C2)C#N)C3=CC=C(F)C=C3,Inhibitor
21,Clopidogrel,P+,Training,COC(=O)[C@@H](N1CCC2=C(C1)C=CS2)C3=C(Cl)C=CC=C3,Inhibitor
22,Clotrimazole,P+,Training,ClC1=C(C=CC=C1)C(N2C=CN=C2)(C3=CC=CC=C3)C4=CC=CC=C4,Inhibitor
23,Clozapine,P+,Training,CN1CCN(CC1)C2=NC3=C(NC4=C2C=CC=C4)C=CC(Cl)=C3,Inhibitor
24,Colchicine,P+,Training,COC1=CC=C2C(=CC1=O)[C@H](CCC3=CC(OC)=C(OC)C(OC)=C23)NC(C)=O,Inhibitor
25,Colecalciferol,P+,Training,CC(C)CCC[C@@H](C)[C@H]1CC[C@H]2C(CCC[C@]12C)=CC=C3C[C@@H](O)CCC3=C,Inhibitor
26,Delavirdine,P+,Training,CC(C)NC1=CC=CN=C1N2CCN(CC2)C(=O)C3=CC4=CC(NS(C)(=O)=O)=CC=C4N3,Inhibitor
27,Desloratadine,P+,Training,ClC1=CC2=C(C=C1)C(=C3CCNCC3)C4=C(CC2)C=CC=N4,Inhibitor
28,Dexloxiglumide,P+,Training,CCCCCN(CCCOC)C(=O)C(CCC(=O)O)NC(=O)C1=CC(=C(C=C1)Cl)Cl,Inhibitor
29,Dexmedetomidine,P+,Training,C[C@H](C1=CNC=N1)C1=C(C)C(C)=CC=C1,Inhibitor
30,Dextropropoxyphene,P+,Training,CCC(=O)O[C@@](CC1=CC=CC=C1)([C@H](C)CN(C)C)C1=CC=CC=C1,Inhibitor
31,Diclofenac,P+,Training,OC(=O)CC1=CC=CC=C1NC2=C(Cl)C=CC=C2Cl,Inhibitor
32,Dicoumarol,P+,Training,OC1=C(CC2=C(O)C3=C(OC2=O)C=CC=C3)C(=O)OC4=C1C=CC=C4,Inhibitor
33,Diltiazem,P+,Training,COC1=CC=C(C=C1)[C@@H]2SC3=CC=CC=C3N(CCN(C)C)C(=O)[C@@H]2OC(C)=O,Inhibitor
34,Dimethyl sulfoxide,P+,Training,CS(=O)C,Inhibitor
35,Disulfiram,P+,Training,CCN(CC)C(=S)SSC(=S)N(CC)CC,Inhibitor
36,Drospirenone,P+,Training,CC12CCC(=O)C=C1C3CC3C4C2CCC5(C4C6CC6C57CCC(=O)O7)C,Inhibitor
37,Efavirenz,P+,Training,FC(F)(F)[C@]1(OC(=O)NC2=CC=C(Cl)C=C12)C#C[C@H]3CC3,Inhibitor
38,Entacapone,P+,Training,CCN(CC)C(=O)C(=CC1=CC(=C(O)C(O)=C1)[N+]([O-])=O)C#N,Inhibitor
39,Epinephrine,P+,Training,CNC[C@H](O)C1=CC(O)=C(O)C=C1,Inhibitor
40,Eprosartan,P+,Training,CCCCC1=NC=C(C=C(/CC2=CC=CS2)C(O)=O)N1CC3=CC=C(C=C3)C(O)=O,Inhibitor
41,Escitalopram,P+,Training,CN(C)CCC[C@]1(OCC2=CC(=CC=C12)C#N)C3=CC=C(F)C=C3,Inhibitor
42,Ethanol,P+,Training,CCO,Inhibitor
43,Etoricoxib,P+,Training,CC1=NC=C(C=C1)C2=C(C=C(Cl)C=N2)C3=CC=C(C=C3)S(C)(=O)=O,Inhibitor
44,Felodipine,P+,Training,CCOC(=O)C1=C(C)NC(C)=C([C@@H]1C2=C(Cl)C(Cl)=CC=C2)C(=O)OC,Inhibitor
45,Fluconazole,P+,Training,OC(CN1C=NC=N1)(CN2C=NC=N2)C3=C(F)C=C(F)C=C3,Inhibitor
46,Fluorouracil,P+,Training,FC1=CNC(=O)NC1=O,Inhibitor
47,Fluoxetine,P+,Training,CNCC[C@@H](OC1=CC=C(C=C1)C(F)(F)F)C2=CC=CC=C2,Inhibitor
48,Flurbiprofen,P+,Training,C[C@H](C(O)=O)C1=CC=C(C(F)=C1)C2=CC=CC=C2,Inhibitor
49,Fluvastatin,P+,Training,CC(C)N1C2=C(C=CC=C2)C(C3=CC=C(F)C=C3)=C1C=C[C@H](O)C[C@H](O)CC(O)=O,Inhibitor
50,Fluvoxamine,P+,Training,COCCCCC(=N/OCCN)C1=CC=C(C=C1)C(F)(F)F,Inhibitor
51,Gemfibrozil,P+,Training,CC1=CC(OCCCC(C)(C)C(O)=O)=C(C)C=C1,Inhibitor
52,Glibenclamide,P+,Training,COC1=C(C=C(Cl)C=C1)C(=O)NCCC2=CC=C(C=C2)S(=O)(=O)NC(=O)N[C@H]3CCCCC3,Inhibitor
53,Ibuprofen,P+,Training,CC(C)CC1=CC=C(C=C1)[C@H](C)C(O)=O,Inhibitor
54,Imatinib,P+,Training,CN1CCN(CC1)CC2=CC=C(C=C2)C(=O)NC3=CC(NC4=NC=CC(=N4)C5=CC=CN=C5)=C(C)C=C3,Inhibitor
55,Indinavir,P+,Training,CC(C)(C)NC(=O)[C@@H]1CN(CCN1C[C@@H](O)C[C@@H](CC2=CC=CC=C2)C(=O)N[C@@H]3[C@H](O)CC4=C3C=CC=C4)CC5=CC=CN=C5,Inhibitor
56,Indometacin,P+,Training,COC1=CC2=C(C=C1)N(C(C)=C2CC(O)=O)C(=O)C3=CC=C(Cl)C=C3,Inhibitor
57,Ipriflavone,P+,Training,CC(C)OC1=CC2=C(C=C1)C(=O)C(=CO2)C3=CC=CC=C3,Inhibitor
58,Irbesartan,P+,Training,CCCCC1=N[C@@]2(CCCC2)C(=O)N1CC3=CC=C(C=C3)C4=C(C=CC=C4)C5=NN=NN5,Inhibitor
59,Irinotecan,P+,Training,CCC1=C2CN3C(=O)C4=C(C=C3C2=NC5=CC=C(OC(=O)N6CC[C@@H](CC6)N7CCCCC7)C=C15)[C@@](O)(CC)C(=O)OC4,Inhibitor
60,Isoniazid,P+,Training,NNC(=O)C1=CC=NC=C1,Inhibitor
61,Isradipine,P+,Training,COC(=O)C1=C(C)NC(C)=C([C@H]1C2=CC=CC3=NON=C23)C(=O)OC(C)C,Inhibitor
62,Itraconazole,P+,Training,CC[C@H](C)N1N=CN(C1=O)C2=CC=C(C=C2)N3CCN(CC3)C4=CC=C(OC[C@H]5CO[C@@](CN6C=NC=N6)(O5)C7=C(Cl)C=C(Cl)C=C7)C=C4,Inhibitor
63,Ketoconazole,P+,Training,CC(=O)N1CCN(CC1)C2=CC=C(OC[C@@H]3CO[C@](CN4C=CN=C4)(O3)C5=C(Cl)C=C(Cl)C=C5)C=C2,Inhibitor
64,Lansoprazole,P+,Training,CC1=C(CS(=O)C2=NC3=C(N2)C=CC=C3)N=CC=C1OCC(F)(F)F,Inhibitor
65,Leflunomide,P+,Training,CC1=C(C=NO1)C(=O)NC2=CC=C(C=C2)C(F)(F)F,Inhibitor
66,Loratadine,P+,Training,CCOC(=O)N1CCC(CC1)=C2/C3=C(CCC4=C2N=CC=C4)C=C(Cl)C=C3,Inhibitor
67,Lovastatin,P+,Training,CC[C@H](C)C(=O)O[C@H]1C[C@@H](C)C=C2C=C[C@H](C)[C@H](CC[C@@H]3C[C@@H](O)CC(=O)O3)[C@@H]12,Inhibitor
68,Manidipine,P+,Training,COC(=O)C1=C(C)NC(C)=C([C@@H]1C2=CC(=CC=C2)[N+]([O-])=O)C(=O)OCCN3CCN(CC3)C(C4=CC=CC=C4)C5=CC=CC=C5,Inhibitor
69,Mefenamic acid,P+,Training,CC1=C(C(=CC=C1)NC2=CC=CC=C2C(=O)O)C,Inhibitor
70,Mephenytoin,P+,Training,CC[C@]1(NC(=O)N(C)C1=O)C2=CC=CC=C2,Inhibitor
71,Methoxsalen,P+,Training,COC1=C2OC(=O)C=CC2=CC3=C1OC=C3,Inhibitor
72,Metronidazole,P+,Training,CC1=NC=C(N1CCO)[N+]([O-])=O,Inhibitor
73,Miconazole,P+,Training,ClC1=CC=C(CO[C@H](CN2C=CN=C2)C3=CC=C(Cl)C=C3Cl)C(Cl)=C1,Inhibitor
74,Midazolam,P+,Training,CC1=NC=C2CN=C(C3=C(F)C=CC=C3)C4=C(C=CC(Cl)=C4)N12,Inhibitor
75,Mizolastine,P+,Training,CN([C@H]1CCN(CC1)C2=NC3=C(C=CC=C3)N2CC4=CC=C(F)C=C4)C5=NC=CC(=O)N5,Inhibitor
76,Moclobemide,P+,Training,ClC1=CC=C(C=C1)C(=O)NCCN2CCOCC2,Inhibitor
77,Modafinil,P+,Training,NC(=O)CS(=O)C(C1=CC=CC=C1)C2=CC=CC=C2,Inhibitor
78,Nateglinide,P+,Training,CC(C)[C@@H]1CC[C@H](CC1)C(=O)N[C@@H](CC2=CC=CC=C2)C(O)=O,Inhibitor
79,Nelfinavir,P+,Training,CC1=C(C=CC=C1O)C(=O)N[C@@H](CSC2=CC=CC=C2)[C@H](O)CN3C[C@H]4CCCC[C@H]4C[C@H]3C(=O)NC(C)(C)C,Inhibitor
80,Nicardipine,P+,Training,COC(=O)C1=C(C)NC(C)=C([C@@H]1C2=CC(=CC=C2)[N+]([O-])=O)C(=O)OCCN(C)CC3=CC=CC=C3,Inhibitor
81,Nifedipine,P+,Training,COC(=O)C1=C(C)NC(C)=C([C@H]1C2=C(C=CC=C2)[N+]([O-])=O)C(=O)OC,Inhibitor
82,Nimodipine,P+,Training,COCCOC(=O)C1=C(C)NC(C)=C([C@@H]1C2=CC(=CC=C2)[N+]([O-])=O)C(=O)OC(C)C,Inhibitor
83,Nitrendipine,P+,Training,CCOC(=O)C1=C(C)NC(C)=C([C@H]1C2=CC(=CC=C2)[N+]([O-])=O)C(=O)OC,Inhibitor
84,Olanzapine,P+,Training,CN1CCN(CC1)C2=NC3=C(NC4=C2C=C(C)S4)C=CC=C3,Inhibitor
85,Omeprazole,P+,Training,COC1=CC2=C(NC(=N2)S(=O)CC3=C(C)C(OC)=C(C)C=N3)C=C1,Inhibitor
86,Ondansetron,P+,Training,CN1C2=C(C(=O)[C@H](CC2)CN3C=CN=C3C)C4=CC=CC=C14,Inhibitor
87,Orphenadrine,P+,Training,CC1=CC=CC=C1C(C2=CC=CC=C2)OCCN(C)C,Inhibitor
88,Parathion,P+,Training,CCOP(=S)(OCC)OC1=CC=C(C=C1)[N+](=O)[O-],Inhibitor
89,Parecoxib,P+,Training,CCC(=O)NS(=O)(=O)C1=CC=C(C=C1)C2=C(C)ON=C2C3=CC=CC=C3,Inhibitor
90,Paroxetine,P+,Training,FC1=CC=C(C=C1)[C@@H]2CCNC[C@H]2COC3=CC4=C(OCO4)C=C3,Inhibitor
91,Perphenazine,P+,Training,OCCN1CCN(CCCN2C3=C(SC4=C2C=C(Cl)C=C4)C=CC=C3)CC1,Inhibitor
92,Phenprocoumon,P+,Training,CC[C@H](C1=CC=CC=C1)C2=C(O)C3=C(OC2=O)C=CC=C3,Inhibitor
93,Phenylbutazone,P+,Training,CCCC[C@H]1C(=O)N(N(C1=O)C2=CC=CC=C2)C3=CC=CC=C3,Inhibitor
94,Phenytoin,P+,Training,O=C1NC(=O)[C@](N1)(C2=CC=CC=C2)C3=CC=CC=C3,Inhibitor
95,Piroxicam,P+,Training,CN1C(C(=O)NC2=CC=CC=N2)=C(O)C3=C(C=CC=C3)S1(=O)=O,Inhibitor
96,Pravastatin,P+,Training,CC[C@H](C)C(=O)O[C@H]1C[C@H](O)C=C2C=C[C@H](C)[C@H](CC[C@@H](O)C[C@@H](O)CC(O)=O)[C@@H]12,Inhibitor
97,Proadifen,P+,Training,CCCC(C1=CC=CC=C1)(C2=CC=CC=C2)C(=O)OCCN(CC)CC,Inhibitor
98,Probenecid,P+,Training,CCCN(CCC)S(=O)(=O)C1=CC=C(C=C1)C(O)=O,Inhibitor
99,Progesterone,P+,Training,CC(=O)[C@@H]1CC[C@@H]2[C@H]3CCC4=CC(=O)CC[C@@]4(C)[C@@H]3CC[C@]12C,Inhibitor
100,Propanol,P+,Training,CCCO,Inhibitor
101,Propofol,P+,Training,CC(C)C1=CC=CC(C(C)C)=C1O,Inhibitor
102,Pyrimethamine,P+,Training,CCC1=C(C(N)=NC(N)=N1)C2=CC=C(Cl)C=C2,Inhibitor
103,Quercetin,P+,Training,C1=CC(=C(C=C1C2=C(C(=O)C3=C(C=C(C=C3O2)O)O)O)O)O,Inhibitor
104,Quetiapine,P+,Training,OCCOCCN1CCN(CC1)C2=NC3=C(SC4=C2C=CC=C4)C=CC=C3,Inhibitor
105,Rabeprazole,P+,Training,COCCCOC1=C(C)C(CC(=O)C2=NC3=C(N2)C=CC=C3)=NC=C1,Inhibitor
106,Rebamipide,P+,Training,C1=CC=C2C(=C1)C(=CC(=O)N2)CC(C(=O)O)NC(=O)C3=CC=C(C=C3)Cl,Inhibitor
107,Ritonavir,P+,Training,CC(C)[C@@H](NC(=O)N(C)CC1=CSC(=N1)C(C)C)C(=O)N[C@H](C[C@H](O)[C@H](CC2=CC=CC=C2)NC(=O)OCC3=CN=CS3)CC4=CC=CC=C4,Inhibitor
108,Rosiglitazone,P+,Training,CN(CCOC1=CC=C(C[C@@H]2SC(=O)NC2=O)C=C1)C3=NC=CC=C3,Inhibitor
109,Saquinavir,P+,Training,CC(C)(C)NC(=O)[C@@H]1C[C@H]2CCCC[C@@H]2CN1C[C@@H](O)[C@H](CC3=CC=CC=C3)NC(=O)[C@H](CC(N)=O)NC(=O)C4=NC5=CC=CC=C5C=C4,Inhibitor
110,Selegiline,P+,Training,C[C@H](CC1=CC=CC=C1)N(C)CC#C,Inhibitor
111,Seratrodast,P+,Training,CC1=C(C)C(=O)C([C@H](CCCCCC(O)=O)C2=CC=CC=C2)=C(C)C1=O,Inhibitor
112,Sertraline,P+,Training,CN[C@H]1CC[C@@H](C2=CC(Cl)=C(Cl)C=C2)C3=C1C=CC=C3,Inhibitor
113,Sildenafil,P+,Training,CCCC1=NN(C)C2=C1N=C(NC2=O)C3=C(OCC)C=CC(=C3)S(=O)(=O)N4CCN(C)CC4,Inhibitor
114,Simvastatin,P+,Training,CCC(C)(C)C(=O)O[C@H]1C[C@@H](C)C=C2C=C[C@H](C)[C@H](CC[C@@H]3C[C@@H](O)CC(=O)O3)[C@@H]12,Inhibitor
115,Sulfadimethoxine,P+,Training,COC1=NC(OC)=NC(NS(=O)(=O)C2=CC=C(N)C=C2)=C1,Inhibitor
116,Sulfadimidine,P+,Training,CC1=CC(C)=NC(NS(=O)(=O)C2=CC=C(N)C=C2)=N1,Inhibitor
117,Sulfafurazole,P+,Training,CC1=NOC(NS(=O)(=O)C2=CC=C(N)C=C2)=C1C,Inhibitor
118,Sulfamethoxazole,P+,Training,CC1=CC(NS(=O)(=O)C2=CC=C(N)C=C2)=NO1,Inhibitor
119,Sulfamoxole,P+,Training,CC1=C(C)N=C(NS(=O)(=O)C2=CC=C(N)C=C2)O1,Inhibitor
120,Sulfanilamide,P+,Training,NC1=CC=C(C=C1)S(N)(=O)=O,Inhibitor
121,Sulfaphenazole,P+,Training,NC1=CC=C(C=C1)S(=O)(=O)NC2=CC=NN2C3=CC=CC=C3,Inhibitor
122,Sulfapyridine,P+,Training,NC1=CC=C(C=C1)S(=O)(=O)NC2=CC=CC=N2,Inhibitor
123,Sulfinpyrazone,P+,Training,C1=CC=C(C=C1)N2C(=O)C(C(=O)N2C3=CC=CC=C3)CCS(=O)C4=CC=CC=C4,Inhibitor
124,Suprofen,P+,Training,C[C@H](C(O)=O)C1=CC=C(C=C1)C(=O)C2=CC=CS2,Inhibitor
125,Tamoxifen,P+,Training,CCC(C1=CC=CC=C1)=C(/C2=CC=CC=C2)C3=CC=C(OCCN(C)C)C=C3,Inhibitor
126,Tegaserod,P+,Training,CCCCCNC(=N)NN=CC1=CNC2=C1C=C(CO)C=C2,Inhibitor
127,Teniposide,P+,Training,COC1=CC(=CC(OC)=C1O)[C@H]2[C@@H]3[C@H](COC3=O)[C@H](O[C@@H]4O[C@@H]5CO[C@H](O[C@H]5[C@H](O)[C@H]4O)C6=CC=CS6)C7=C2C=C8OCOC8=C7,Inhibitor
128,Tenoxicam,P+,Training,CN1C(C(=O)NC2=CC=CC=N2)=C(O)C3=C(C=CS3)S1(=O)=O,Inhibitor
129,Terfenadine,P+,Training,CC(C)(C)C1=CC=C(C=C1)[C@@H](O)CCCN2CC[C@@H](CC2)C(O)(C3=CC=CC=C3)C4=CC=CC=C4,Inhibitor
130,Tezosentan,P+,Training,CC(C)C1=CN=C(C=C1)S(=O)(=O)NC2=C(C(=NC(=N2)C3=CC(=NC=C3)C4=NNN=N4)OCCO)OC5=CC=CC=C5OC,Inhibitor
131,Thiamazole,P+,Training,CN1C=CNC1=S,Inhibitor
132,Tiabendazole,P+,Training,N1C2=C(C=CC=C2)N=C1C3=CSC=N3,Inhibitor
133,Ticlopidine,P+,Training,ClC1=C(CN2CCC3=C(C2)C=CS3)C=CC=C1,Inhibitor
134,Tienilic acid,P+,Training,C1=CSC(=C1)C(=O)C2=C(C(=C(C=C2)OCC(=O)O)Cl)Cl,Inhibitor
135,Tioconazole,P+,Training,ClC1=CC(Cl)=C(C=C1)[C@@H](CN2C=CN=C2)OCC3=C(Cl)SC=C3,Inhibitor
136,Tolbutamide,P+,Training,CCCCNC(=O)NS(=O)(=O)C1=CC=C(C)C=C1,Inhibitor
137,Tolcapone,P+,Training,CC1=CC=C(C=C1)C(=O)C2=CC(=C(O)C(O)=C2)[N+]([O-])=O,Inhibitor
138,Trimethoprim,P+,Training,COC1=CC(CC2=C(N)N=C(N)N=C2)=CC(OC)=C1OC,Inhibitor
139,Troglitazone,P+,Training,CC1=C(C)C2=C(CC[C@](C)(COC3=CC=C(C[C@@H]4SC(=O)NC4=O)C=C3)O2)C(C)=C1O,Inhibitor
140,Valdecoxib,P+,Training,CC1=C(C2=CC=C(C=C2)S(N)(=O)=O)C(=NO1)C3=CC=CC=C3,Inhibitor
141,Valproic acid,P+,Training,CCCC(CCC)C(=O)O,Inhibitor
142,Valsartan,P+,Training,CCCCC(=O)N(CC1=CC=C(C=C1)C2=C(C=CC=C2)C3=NN=NN3)[C@@H](C(C)C)C(O)=O,Inhibitor
143,Verapamil,P+,Training,COC1=C(OC)C=C(CCN(C)CCC[C@](C#N)(C(C)C)C2=CC(OC)=C(OC)C=C2)C=C1,Inhibitor
144,Voriconazole,P+,Training,C[C@@H](C1=NC=NC=C1F)[C@](O)(CN2C=NC=N2)C3=C(F)C=C(F)C=C3,Inhibitor
145,Zafirlukast,P+,Training,COC1=C(CC2=CN(C)C3=C2C=C(NC(=O)O[C@H]4CCCC4)C=C3)C=CC(=C1)C(=O)NS(=O)(=O)C5=CC=CC=C5C,Inhibitor
146,Zaltoprofen,P+,Training,CC(C1=CC2=C(C=C1)SC3=CC=CC=C3C(=O)C2)C(=O)O,Inhibitor
147,Zileuton,P+,Training,CC(C1=CC2=CC=CC=C2S1)N(C(=O)N)O,Inhibitor
148,Zolpidem,P+,Training,CN(C)C(=O)CC1=C(N=C2C=CC(C)=CN12)C3=CC=C(C)C=C3,Inhibitor
149,Abacavir,P-,Training,NC1=NC2=C(N=CN2[C@H]3C[C@@H](CO)C=C3)C(N[C@H]4CC4)=N1,-
150,Abecarnil,P-,Training,CC(C)OC(=O)C1=NC=C2C(=C1COC)C3=C(N2)C=CC(=C3)OCC4=CC=CC=C4,-
151,Acebutolol,P-,Training,CCCC(=O)NC1=CC(C(C)=O)=C(OC[C@@H](O)CNC(C)C)C=C1,-
152,Aceclofenac,P-,Training,OC(=O)COC(=O)CC1=CC=CC=C1NC2=C(Cl)C=CC=C2Cl,-
153,Acetanilide,P-,Training,CC(=O)NC1=CC=CC=C1,-
154,Acetazolamide,P-,Training,CC(=O)NC1=NN=C(S1)S(N)(=O)=O,-
155,Acetone,P-,Training,CC(=O)C,-
156,Acetylsalicylic acid,P-,Training,CC(=O)OC1=CC=CC=C1C(=O)O,-
157,Adinazolam,P-,Training,CN(C)CC1=NN=C2CN=C(C3=CC=CC=C3)C4=C(C=CC(Cl)=C4)N12,-
158,Ajmaline,P-,Training,CCC1C(O)N2C3CC1C4C(O)C5(CC24)C3N(C)C6=C5C=CC=C6,-
159,Albendazole,P-,Training,CCCSC1=CC2=C(NC(NC(=O)OC)=N2)C=C1,-
160,Alosetron,P-,Training,CN1C2=C(C(=O)N(CC2)CC3=C(C)N=CN3)C4=C1C=CC=C4,-
161,Alpidem,P-,Training,CCCN(CCC)C(=O)CC1=C(N=C2N1C=C(C=C2)Cl)C3=CC=C(C=C3)Cl,-
162,Alprenolol,P-,Training,CC(C)NC[C@H](O)COC1=CC=CC=C1CC=C,-
163,Ambroxol,P-,Training,NC1=C(CN[C@H]2CC[C@H](O)CC2)C=C(Br)C=C1Br,-
164,Amfetamine,P-,Training,C[C@@H](N)CC1=CC=CC=C1,-
165,Amiflamine,P-,Training,CC1=C(C=CC(=C1)N(C)C)CC(C)N,-
166,Aminopyrine,P-,Training,CC1=C(C(=O)N(N1C)C2=CC=CC=C2)N(C)C,-
167,Amodiaquine,P-,Training,CCN(CC)CC1=C(O)C=CC(NC2=C3C=CC(Cl)=CC3=NC=C2)=C1,-
168,Amoxapine,P-,Training,C1CN(CCN1)C2=NC3=CC=CC=C3OC4=C2C=C(C=C4)Cl,-
169,Amprenavir,P-,Training,CC(C)CN(C[C@@H](O)[C@H](CC1=CC=CC=C1)NC(=O)O[C@H]2CCOC2)S(=O)(=O)C3=CC=C(N)C=C3,-
170,Aniline,P-,Training,C1=CC=C(C=C1)N,-
171,Anthraquinone,P-,Training,C1=CC=C2C(=C1)C(=O)C3=CC=CC=C3C2=O,-
172,Apomorphine,P-,Training,CN1CCC2=CC=CC3=C2[C@H]1CC4=C3C(O)=C(O)C=C4,-
173,Aprepitant,P-,Training,C[C@@H](O[C@@H]1OCCN(CC2=NC(=O)NN2)[C@@H]1C3=CC=C(F)C=C3)C4=CC(=CC(=C4)C(F)(F)F)C(F)(F)F,-
174,Aprindine,P-,Training,CCN(CC)CCCN([C@H]1CC2=CC=CC=C2C1)C3=CC=CC=C3,-
175,Argatroban,P-,Training,C[C@@H]1CCN([C@H](C1)C(O)=O)C(=O)[C@H](CCCNC(N)=N)NS(=O)(=O)C2=C3NC[C@@H](C)CC3=CC=C2,-
176,Aripiprazole,P-,Training,ClC1=C(Cl)C(=CC=C1)N2CCN(CCCCOC3=CC4=C(CCC(=O)N4)C=C3)CC2,-
177,Artemisinin,P-,Training,C[C@@H]1CC[C@H]2[C@@H](C)C(=O)O[C@@H]3O[C@@]4(C)CC[C@@H]1[C@@]23OO4,-
178,Artesunate,P-,Training,C[C@H]1CC[C@H]2[C@H](C)[C@H](O[C@H]3O[C@]4(C)CC[C@H]1[C@]23OO4)OC(=O)CCC(O)=O,-
179,Atomoxetine,P-,Training,CNCC[C@@H](OC1=CC=CC=C1C)C2=CC=CC=C2,-
180,Avasimibe,P-,Training,CC(C)C1=C(C(=CC=C1)C(C)C)OS(=O)(=O)NC(=O)CC2=C(C=C(C=C2C(C)C)C(C)C)C(C)C,-
181,Avitriptan,P-,Training,CNS(=O)(=O)CC1=CC2=C(C=C1)NC=C2CCCN3CCN(CC3)C4=NC=NC=C4OC,-
182,Azacyclonol,P-,Training,C1CNCCC1C(C2=CC=CC=C2)(C3=CC=CC=C3)O,-
183,Azamulin,P-,Training,CCC1(CC(C2(C(CCC3(C2C(=O)CC3)C(C1O)C)C)C)OC(=O)CSC4=NNC(=N4)N)C,-
184,Azatadine,P-,Training,CN1CCC(CC1)=C2/C3=C(CCC4=C2N=CC=C4)C=CC=C3,-
185,Azimilide,P-,Training,CN1CCN(CC1)CCCCN2C(=O)CN(C2=O)N=CC3=CC=C(O3)C4=CC=C(C=C4)Cl,-
186,Azithromycin,P-,Training,CC[C@H]1OC(=O)[C@H](C)[C@@H](O[C@H]2C[C@@](C)(OC)[C@@H](O)[C@H](C)O2)[C@@H](C)[C@@H](O[C@@H]3O[C@H](C)C[C@@H]([C@H]3O)N(C)C)[C@](C)(O)C[C@@H](C)CN(C)[C@H](C)[C@@H](O)[C@]1(C)O,-
187,Benzene,P-,Training,C1=CC=CC=C1,-
188,Benzfetamine,P-,Training,CC(CC1=CC=CC=C1)N(C)CC2=CC=CC=C2,-
189,Benzydamine,P-,Training,CN(C)CCCOC1=NN(CC2=CC=CC=C2)C3=C1C=CC=C3,-
190,Bepridil,P-,Training,CC(C)COC[C@H](CN(CC1=CC=CC=C1)C2=CC=CC=C2)N3CCCC3,-
191,Betamethasone,P-,Training,CC1CC2C3CCC4=CC(=O)C=CC4(C3(C(CC2(C1(C(=O)CO)O)C)O)F)C,-
192,Betaxolol,P-,Training,CC(C)NC[C@H](O)COC1=CC=C(CCOC[C@H]2CC2)C=C1,-
193,Bexarotene,P-,Training,CC1=CC2=C(C=C1C(=C)C3=CC=C(C=C3)C(O)=O)C(C)(C)CCC2(C)C,-
194,Bezafibrate,P-,Training,CC(C)(OC1=CC=C(CCNC(=O)C2=CC=C(Cl)C=C2)C=C1)C(O)=O,-
195,Bifluranol,P-,Training,CCC(C1=CC(=C(C=C1)O)F)C(C)C2=CC(=C(C=C2)O)F,-
196,Bifonazole,P-,Training,C1=CC=C(C=C1)[C@H](N2C=CN=C2)C3=CC=C(C=C3)C4=CC=CC=C4,-
197,Biperiden,P-,Training,O[C@](CCN1CCCCC1)([C@@H]2C[C@H]3C[C@@H]2C=C3)C4=CC=CC=C4,-
198,Boldenone,P-,Training,CC12CCC3C(C1CCC2O)CCC4=CC(=O)C=CC34C,-
199,Bortezomib,P-,Training,CC(C)C[C@H](NC(=O)[C@@H](CC1=CC=CC=C1)NC(=O)C2=CN=CC=N2)B(O)O,-
200,Bosentan,P-,Training,COC1=CC=CC=C1OC2=C(NS(=O)(=O)C3=CC=C(C=C3)C(C)(C)C)N=C(N=C2OCCO)C4=NC=CC=N4,-
201,Brinzolamide,P-,Training,CCN[C@H]1CN(CCCOC)S(=O)(=O)C2=C1C=C(S2)S(N)(=O)=O,-
202,Brofaromine,P-,Training,COC1=CC(=C2C(=C1)C=C(O2)C3CCNCC3)Br,-
203,Bromazepam,P-,Training,BrC1=CC2=C(NC(=O)CN=C2C3=CC=CC=N3)C=C1,-
204,Bromocriptine,P-,Training,CC(C)C[C@@H]1N2C(=O)[C@](NC(=O)[C@H]3CN(C)[C@@H]4CC5=C(Br)NC6=CC=CC(C4=C3)=C56)(O[C@@]2(O)[C@@H]7CCCN7C1=O)C(C)C,-
205,Bromperidol,P-,Training,O[C@]1(CCN(CCCC(=O)C2=CC=C(F)C=C2)CC1)C3=CC=C(Br)C=C3,-
206,Bropirimine,P-,Training,C1=CC=C(C=C1)C2=C(C(=O)NC(=N2)N)Br,-
207,Brotizolam,P-,Training,CC1=NN=C2CN=C(C3=C(Cl)C=CC=C3)C4=C(SC(Br)=C4)N12,-
208,Budesonide,P-,Training,CCC[C@H]1O[C@@H]2C[C@H]3[C@@H]4CCC5=CC(=O)C=C[C@]5(C)[C@H]4[C@@H](O)C[C@]3(C)[C@@]2(O1)C(=O)CO,-
209,Budipine,P-,Training,CC(C)(C)N1CC[C@](CC1)(C2=CC=CC=C2)C3=CC=CC=C3,-
210,Buflomedil,P-,Training,COC1=CC(OC)=C(C(=O)CCCN2CCCC2)C(OC)=C1,-
211,Bufuralol,P-,Training,CCC1=CC=CC2=C1OC(=C2)C(CNC(C)(C)C)O,-
212,Bupivacaine,P-,Training,CCCCN1CCCC[C@H]1C(=O)NC2=C(C)C=CC=C2C,-
213,Bupranolol,P-,Training,CC1=CC(OC[C@@H](O)CNC(C)(C)C)=C(Cl)C=C1,-
214,Bupropion,P-,Training,C[C@H](NC(C)(C)C)C(=O)C1=CC(Cl)=CC=C1,-
215,Busulfan,P-,Training,CS(=O)(=O)OCCCCOS(C)(=O)=O,-
216,Caffeine,P-,Training,CN1C=NC2=C1C(=O)N(C)C(=O)N2C,-
217,Calcium folinate,P-,Training,C1C(N(C2=C(N1)N=C(N=C2[O-])N)C=O)CNC3=CC=C(C=C3)C(=O)NC(CCC(=O)[O-])C(=O)O.[Ca+2],-
218,Capravirine,P-,Training,CC(C)C1=C(N(C(=N1)COC(=O)N)CC2=CC=NC=C2)SC3=CC(=CC(=C3)Cl)Cl,-
219,Captopril,P-,Training,C[C@H](CS)C(=O)N1CCC[C@H]1C(O)=O,-
220,Carbaril,P-,Training,CNC(=O)OC1=CC=CC2=CC=CC=C21,-
221,Carbimazole,P-,Training,CCOC(=O)N1C=CN(C1=S)C,-
222,Carisoprodol,P-,Training,CCC[C@@](C)(COC(N)=O)COC(=O)NC(C)C,-
223,Carteolol,P-,Training,CC(C)(C)NC[C@H](O)COC1=CC=CC2=C1CCC(=O)N2,-
224,Carvedilol,P-,Training,COC1=C(OCCNC[C@@H](O)COC2=CC=CC3=C2C4=CC=CC=C4N3)C=CC=C1,-
225,Cathinone,P-,Training,CC(C(=O)C1=CC=CC=C1)N,-
226,Celecoxib,P-,Training,CC1=CC=C(C=C1)C2=CC(=NN2C3=CC=C(C=C3)S(N)(=O)=O)C(F)(F)F,-
227,Cevimeline,P-,Training,CC1O[C@@]2(CS1)CN1CCC2CC1,-
228,Chenodeoxycholic acid,P-,Training,CC(CCC(=O)O)C1CCC2C1(CCC3C2C(CC4C3(CCC(C4)O)C)O)C,-
229,Chloral hydrate,P-,Training,C(C(Cl)(Cl)Cl)(O)O,-
230,Chlordiazepoxide,P-,Training,CNC1=NC2=C(C=C(Cl)C=C2)C(C3=CC=CC=C3)=[N+]([O-])C1,-
231,Chlormadinone,P-,Training,CC(=O)[C@@]1(O)CC[C@H]2[C@@H]3C=C(Cl)C4=CC(=O)CC[C@]4(C)[C@H]3CC[C@]12C,-
232,Chlorphenamine,P-,Training,CN(C)CC[C@@H](C1=CC=C(Cl)C=C1)C2=CC=CC=N2,-
233,Chlorproguanil,P-,Training,CC(C)N=C(N)N=C(N)NC1=CC(=C(C=C1)Cl)Cl,-
234,Chlorpyrifos,P-,Training,CCOP(=S)(OCC)OC1=NC(=C(C=C1Cl)Cl)Cl,-
235,Chlorzoxazone,P-,Training,OC1=NC2=C(O1)C=CC(Cl)=C2,-
236,Cibenzoline,P-,Training,C1CN=C(N1)[C@@H]2C[C@]2(C3=CC=CC=C3)C4=CC=CC=C4,-
237,Ciclosporin,P-,Training,CC[C@@H]1NC(=O)[C@H]([C@H](O)[C@H](C)CC=CC)N(C)C(=O)[C@H](C(C)C)N(C)C(=O)[C@H](CC(C)C)N(C)C(=O)[C@H](CC(C)C)N(C)C(=O)[C@H](C)NC(=O)[C@H](C)NC(=O)[C@H](CC(C)C)N(C)C(=O)[C@@H](NC(=O)[C@@H](CC(C)C)NC(=O)CN(C)C1=O)C(C)C,-
238,Cilostazol,P-,Training,O=C1CCC2=C(N1)C=CC(OCCCCC1=NN=NN1C1CCCCC1)=C2,-
239,Ciprofibrate,P-,Training,CC(C)(OC1=CC=C(C=C1)[C@H]2CC2(Cl)Cl)C(O)=O,-
240,Ciprofloxacin,P-,Training,OC(=O)C1=CN([C@H]2CC2)C3=CC(N4CCNCC4)=C(F)C=C3C1=O,-
241,Clarithromycin,P-,Training,CC[C@H]1OC(=O)[C@H](C)[C@@H](O[C@@H]2C[C@](C)(OC)[C@@H](O)[C@H](C)O2)[C@H](C)[C@@H](O[C@@H]3O[C@H](C)C[C@@H]([C@H]3O)N(C)C)[C@@](C)(C[C@@H](C)C(=O)[C@H](C)[C@@H](O)[C@]1(C)O)OC,-
242,Clemastine,P-,Training,CN1CCC[C@@H]1CCO[C@](C)(C2=CC=CC=C2)C3=CC=C(Cl)C=C3,-
243,Clindamycin,P-,Training,CCC[C@@H]1C[C@H](N(C)C1)C(=O)N[C@H]([C@H](C)Cl)[C@H]2O[C@H](SC)[C@H](O)[C@@H](O)[C@H]2O,-
244,Clofazimine,P-,Training,CC(C)N=C1/C=C2N(C3=CC=C(Cl)C=C3)C4=C(C=CC=C4)N=C2C=C1NC5=CC=C(Cl)C=C5,-
245,Clofibrate,P-,Training,CCOC(=O)C(C)(C)OC1=CC=C(Cl)C=C1,-
246,Clofibric acid,P-,Training,CC(C)(C(=O)O)OC1=CC=C(C=C1)Cl,-
247,Clomethiazole,P-,Training,CC1=C(CCCl)SC=N1,-
248,Clomipramine,P-,Training,CN(C)CCCN1C2=CC=CC=C2CCC3=CC=C(Cl)C=C13,-
249,Cocaine,P-,Training,COC(=O)[C@H]1[C@H](C[C@H]2CC[C@@H]1N2C)OC(=O)C3=CC=CC=C3,-
250,Codeine,P-,Training,COC1=CC=C2C[C@@H]3[C@@H]4C=C[C@H](O)[C@@H]5OC1=C2[C@]45CCN3C,-
251,Colestyramine,P-,Training,CCC1=CC=C(C=C1)[C@@H](C)CCC2=CC=C(C=C2)[N+](C)(C)C,-
252,Corticosterone,P-,Training,CC12CCC(=O)C=C1CCC3C2C(CC4(C3CCC4C(=O)CO)C)O,-
253,Cortisone,P-,Training,C[C@]12CC[C@@H](O)C=C1CC[C@H]3[C@@H]4CC[C@](O)(C(=O)CO)[C@@]4(C)CC(=O)[C@H]23,-
254,Cotinine,P-,Training,CN1C(CCC1=O)C2=CN=CC=C2,-
255,Coumarin,P-,Training,C1=CC=C2C(=C1)C=CC(=O)O2,-
256,Cyclobenzaprine,P-,Training,CN(C)CCC=C1/C2=C(C=CC=C2)C=CC3=C1C=CC=C3,-
257,Cyclophosphamide,P-,Training,ClCCN(CCCl)[P@]1(=O)NCCCO1,-
258,Cyproterone,P-,Training,CC(=O)[C@@]1(O)CC[C@H]2[C@@H]3C=C(Cl)C4=CC(=O)[C@@H]5C[C@@H]5[C@]4(C)[C@H]3CC[C@]12C,-
259,Dacarbazine,P-,Training,CN(C)N=NC1=C(N=CN1)C(N)=O,-
260,Dalfopristin,P-,Training,CCN(CC)CCS(=O)(=O)C1CCN2C1C(=O)OC(C(C=CC(=O)NCC=CC(=CC(CC(=O)CC3=NC(=CO3)C2=O)O)C)C)C(C)C,-
261,Danazol,P-,Training,C[C@]12CC3=C(ON=C3)C=C1CC[C@@H]4[C@@H]2CC[C@@]5(C)[C@H]4CC[C@@]5(O)C#C,-
262,Dantrolene,P-,Training,[O-][N+](=O)C1=CC=C(C=C1)C2=CC=C(O2)C=NN3CC(=O)NC3=O,-
263,Dapsone,P-,Training,NC1=CC=C(C=C1)S(=O)(=O)C2=CC=C(N)C=C2,-
264,Daunorubicin,P-,Training,COC1=C2C(=O)C3=C(O)C4=C(C[C@](O)(C[C@@H]4O[C@H]5C[C@H](N)[C@H](O)[C@H](C)O5)C(C)=O)C(O)=C3C(=O)C2=CC=C1,-
265,Dazoxiben,P-,Training,C1=CC(=CC=C1C(=O)O)OCCN2C=CN=C2,-
266,Debrisoquine,P-,Training,NC(=N)N1CCC2=C(C1)C=CC=C2,-
267,Delapril,P-,Training,CCOC(=O)C(CCC1=CC=CC=C1)NC(C)C(=O)N(CC(=O)O)C2CC3=CC=CC=C3C2,-
268,Demethylcitalopram,P-,Training,CNCCCC1(C2=C(CO1)C=C(C=C2)C#N)C3=CC=C(C=C3)F,-
269,Desogestrel,P-,Training,CC[C@]12CC(=C)[C@H]3[C@@H](CCC4=CCCC[C@H]34)[C@@H]1CC[C@@]2(O)C#C,-
270,Dextromethorphan,P-,Training,COC1=CC2=C(C[C@H]3[C@H]4CCCC[C@@]24CCN3C)C=C1,-
271,Dextrorphan,P-,Training,CN1CCC23CCCCC2C1CC4=C3C=C(C=C4)O,-
272,Dieldrin,P-,Training,C1C2C3C(C1C4C2O4)C5(C(=C(C3(C5(Cl)Cl)Cl)Cl)Cl)Cl,-
273,Diethylcarbamazine,P-,Training,CCN(CC)C(=O)N1CCN(C)CC1,-
274,Diethylstilbestrol,P-,Training,CCC(C1=CC=C(O)C=C1)=C(CC)C2=CC=C(O)C=C2,-
275,Difloxacin,P-,Training,CN1CCN(CC1)C2=C(C=C3C(=C2)N(C=C(C3=O)C(=O)O)C4=CC=C(C=C4)F)F,-
276,Digitoxin,P-,Training,C[C@H]1O[C@H](C[C@H](O)[C@@H]1O)O[C@H]2[C@@H](O)C[C@@H](O[C@@H]2C)O[C@H]3[C@@H](O)C[C@@H](O[C@@H]3C)O[C@H]4CC[C@@]5(C)[C@H](CC[C@@H]6[C@@H]5CC[C@]7(C)[C@@H](CC[C@]67O)C8=CC(=O)OC8)C4,-
277,Digoxin,P-,Training,C[C@H]1O[C@H](C[C@H](O)[C@@H]1O)O[C@H]2[C@@H](O)C[C@@H](O[C@@H]2C)O[C@H]3[C@@H](O)C[C@@H](O[C@@H]3C)O[C@H]4CC[C@@]5(C)[C@H](CC[C@@H]6[C@@H]5C[C@@H](O)[C@]7(C)[C@@H](CC[C@]67O)C8=CC(=O)OC8)C4,-
278,Dihydralazine,P-,Training,NNC1=NN=C(NN)C2=C1C=CC=C2,-
279,Dihydroergotamine,P-,Training,[H][C@@]12CCCN1C(=O)[C@H](CC1=CC=CC=C1)N1C(=O)[C@](C)(NC(=O)[C@H]3CN(C)[C@]4([H])CC5=CNC6=CC=CC(=C56)[C@@]4([H])C3)O[C@@]21O,-
280,Diosmin,P-,Training,COC1=CC=C(C=C1O)C2=CC(=O)C3=C(O2)C=C(O[C@@H]4O[C@H](CO[C@H]5O[C@@H](C)[C@H](O)[C@@H](O)[C@@H]5O)[C@H](O)[C@H](O)[C@H]4O)C=C3O,-
281,Diphenhydramine,P-,Training,CN(C)CCOC(C1=CC=CC=C1)C2=CC=CC=C2,-
282,Diprafenone,P-,Training,CCC(C)(C)NCC(COC1=CC=CC=C1C(=O)CCC2=CC=CC=C2)O,-
283,Dirithromycin,P-,Training,CC[C@H]1OC(=O)[C@H](C)[C@@H](O[C@H]2C[C@@](C)(OC)[C@@H](O)[C@H](C)O2)[C@H](C)[C@@H](O[C@@H]3O[C@H](C)C[C@@H]([C@H]3O)N(C)C)[C@](C)(O)C[C@@H](C)[C@@H]4N[C@@H](COCCOC)O[C@H]([C@H]4C)[C@]1(C)O,-
284,Disopyramide,P-,Training,CC(C)N(CC[C@](C(N)=O)(C1=CC=CC=C1)C2=CC=CC=N2)C(C)C,-
285,Disulfamide,P-,Training,CC1=CC(=C(C=C1S(=O)(=O)N)S(=O)(=O)N)Cl,-
286,Ditiocarb sodium,P-,Training,CCN(CC)C(=S)[S-].[Na+],-
287,Docetaxel,P-,Training,CC(=O)O[C@@]12CO[C@@H]1C[C@H](O)[C@]3(C)[C@@H]2[C@H](OC(=O)C4=CC=CC=C4)[C@]5(O)C[C@H](OC(=O)[C@@H](O)[C@@H](NC(=O)OC(C)(C)C)C6=CC=CC=C6)C(C)=C([C@@H](O)C3=O)C5(C)C,-
288,Dofetilide,P-,Training,CN(CCOC1=CC=C(NS(C)(=O)=O)C=C1)CCC2=CC=C(NS(C)(=O)=O)C=C2,-
289,Dolasetron,P-,Training,O=C1CN2[C@@H]3C[C@H](C[C@H]2C[C@H]1C3)OC(=O)C4=CNC5=CC=CC=C45,-
290,Donepezil,P-,Training,COC1=C(OC)C=C2C(=O)[C@H](C[C@H]3CCN(CC3)CC4=CC=CC=C4)CC2=C1,-
291,Dorzolamide,P-,Training,CCN[C@@H]1C[C@@H](C)S(=O)(=O)C2=C1C=C(S2)S(N)(=O)=O,-
292,Doxepin,P-,Training,CN(C)CCC=C1/C2=C(COC3=C1C=CC=C3)C=CC=C2,-
293,Doxycycline,P-,Training,C[C@@H]1[C@H]2[C@H](O)[C@H]3[C@H](N(C)C)C(O)=C(C(N)=O)C(=O)[C@@]3(O)C(O)=C2C(=O)C4=C(O)C=CC=C14,-
294,Dronabinol,P-,Training,CCCCCC1=CC2=C([C@@H]3C=C(C)CC[C@H]3C(C)(C)O2)C(O)=C1,-
295,Dutasteride,P-,Training,C[C@]12CC[C@H]3[C@@H](CC[C@H]4NC(=O)C=C[C@]34C)[C@@H]1CC[C@@H]2C(=O)NC5=CC(=CC=C5C(F)(F)F)C(F)(F)F,-
296,Ebastine,P-,Training,CC(C)(C)C1=CC=C(C=C1)C(=O)CCCN2CC[C@H](CC2)OC(C3=CC=CC=C3)C4=CC=CC=C4,-
297,Ebrotidine,P-,Training,C1=CC(=CC=C1S(=O)(=O)NC=NCCSCC2=CSC(=N2)N=C(N)N)Br,-
298,Ecabapide,P-,Training,CNC(=O)C1=CC(=CC=C1)NCC(=O)NCCC2=CC(=C(C=C2)OC)OC,-
299,Econazole,P-,Training,ClC1=CC=C(CO[C@@H](C[C@H]2C=NC=N2)C3=C(Cl)C=C(Cl)C=C3)C=C1,-
300,Efonidipine,P-,Training,CC1=C(C(C(=C(N1)C)P2(=O)OCC(CO2)(C)C)C3=CC(=CC=C3)[N+](=O)[O-])C(=O)OCCN(CC4=CC=CC=C4)C5=CC=CC=C5,-
301,Eletriptan,P-,Training,CN1CCC[C@@H]1CC2=CNC3=C2C=C(CCS(=O)(=O)C4=CC=CC=C4)C=C3,-
302,Emedastine,P-,Training,CCOCCN1C2=CC=CC=C2N=C1N3CCCN(CC3)C,-
303,Emivirine,P-,Training,CCOCN1C(=C(C(=O)NC1=O)C(C)C)CC2=CC=CC=C2,-
304,Enalapril,P-,Training,CCOC(=O)[C@@H](CCC1=CC=CC=C1)N[C@@H](C)C(=O)N2CCC[C@H]2C(O)=O,-
305,Encainide,P-,Training,COC1=CC=C(C=C1)C(=O)NC2=C(C=CC=C2)[C@H](C)CN3CCCCC3,-
306,Enflurane,P-,Training,FC(F)OC(F)(F)[C@H](F)Cl,-
307,Epinastine,P-,Training,NC1=NC[C@H]2N1C3=C(CC4=C2C=CC=C4)C=CC=C3,-
308,Eplerenone,P-,Training,COC(=O)[C@@H]1CC2=CC(=O)CC[C@]2(C)[C@@]34O[C@@H]3C[C@@]5(C)[C@@H](CC[C@@]56CCC(=O)O6)[C@@H]14,-
309,Ergotamine,P-,Training,CN1C[C@@H](C=C2[C@H]1CC3=CNC4=C3C2=CC=C4)C(=O)N[C@]5(C)O[C@@]6(O)[C@@H]7CCCN7C(=O)[C@H](CC8=CC=CC=C8)N6C5=O,-
310,Estradiol,P-,Training,C[C@@]12CC[C@H]3[C@@H](CCC4=C3C=CC(O)=C4)[C@@H]1CC[C@H]2O,-
311,Ethinylestradiol,P-,Training,C[C@]12CC[C@H]3[C@@H](CCC4=C3C=CC(O)=C4)[C@@H]1CC[C@@]2(O)C#C,-
312,Ethosuximide,P-,Training,CC[C@]1(C)CC(=O)NC1=O,-
313,Ethylbenzene,P-,Training,CCC1=CC=CC=C1,-
314,Ethylmorphine,P-,Training,CCOC1=CC=C2C[C@@H]3[C@@H]4C=C[C@H](O)[C@@H]5OC1=C2[C@]45CCN3C,-
315,Etomidate,P-,Training,CCOC(=O)C1=CN=CN1[C@@H](C)C2=CC=CC=C2,-
316,Etonogestrel,P-,Training,CC[C@@]12CC(=C)[C@H]3[C@H](CCC4=CC(=O)CC[C@@H]34)[C@@H]1CC[C@@]2(O)C#C,-
317,Etoperidone,P-,Training,CCN1C(=O)N(CCCN2CCN(CC2)C3=CC(Cl)=CC=C3)N=C1CC,-
318,Etoposide,P-,Training,COC1=CC(=CC(OC)=C1O)[C@H]2[C@@H]3[C@H](COC3=O)[C@H](O[C@@H]4O[C@@H]5CO[C@@H](C)O[C@H]5[C@H](O)[C@H]4O)C6=CC7=C(OCO7)C=C26,-
319,Everolimus,P-,Training,CO[C@@H]1C[C@@H](CC[C@H]1OCCO)C[C@@H](C)[C@@H]2CC(=O)[C@H](C)C=C(C)[C@@H](O)[C@@H](OC)C(=O)[C@H](C)C[C@H](C)C=CC=CC=C(C)[C@H](C[C@@H]3CC[C@@H](C)[C@@](O)(O3)C(=O)C(=O)N4CCCC[C@H]4C(=O)O2)OC,-
320,Exemestane,P-,Training,C[C@]12CC[C@H]3[C@@H](CC(=C)C4=CC(=O)C=C[C@]34C)[C@@H]1CCC2=O,-
321,Ezlopitant,P-,Training,CC(C)C1=CC(=C(C=C1)OC)CNC2C3CCN(C2C(C4=CC=CC=C4)C5=CC=CC=C5)CC3,-
322,Fadrozole,P-,Training,C1CC(N2C=NC=C2C1)C3=CC=C(C=C3)C#N,-
323,Famotidine,P-,Training,NC(N)=NC1=NC(CSCCC(N)=N/S(N)(=O)=O)=CS1,-
324,Felbamate,P-,Training,NC(=O)OCC(COC(N)=O)C1=CC=CC=C1,-
325,Fenfluramine,P-,Training,CCN[C@@H](C)CC1=CC(=CC=C1)C(F)(F)F,-
326,Fenofibrate,P-,Training,CC(C)OC(=O)C(C)(C)OC1=CC=C(C=C1)C(=O)C2=CC=C(Cl)C=C2,-
327,Fentanyl,P-,Training,CCC(=O)N([C@H]1CCN(CC1)CCC2=CC=CC=C2)C3=CC=CC=C3,-
328,Fexofenadine,P-,Training,CC(C)(C(O)=O)C1=CC=C(C=C1)[C@@H](O)CCCN2CC[C@@H](CC2)C(O)(C3=CC=CC=C3)C4=CC=CC=C4,-
329,Finasteride,P-,Training,CC(C)(C)NC(=O)[C@H]1CC[C@H]2[C@@H]3CC[C@H]4NC(=O)C=C[C@]4(C)[C@H]3CC[C@]12C,-
330,Flecainide,P-,Training,FC(F)(F)COC1=CC(C(=O)NC[C@@H]2CCCCN2)=C(OCC(F)(F)F)C=C1,-
331,Flosequinan,P-,Training,COSC1=CN(C)C2=C(C=CC(F)=C2)C1=O,-
332,Flucloxacillin,P-,Training,CC1=C(C(=O)N[C@H]2[C@H]3SC(C)(C)[C@@H](N3C2=O)C(O)=O)C(=NO1)C4=C(Cl)C=CC=C4F,-
333,Flufenamic acid,P-,Training,C1=CC=C(C(=C1)C(=O)O)NC2=CC=CC(=C2)C(F)(F)F,-
334,Flunarizine,P-,Training,FC1=CC=C(C=C1)C(N2CCN(CC2)CC=CC3=CC=CC=C3)C4=CC=C(F)C=C4,-
335,Flunitrazepam,P-,Training,CN1C(=O)CN=C(C2=C(F)C=CC=C2)C3=C1C=CC(=C3)[N+]([O-])=O,-
336,Fluparoxan,P-,Training,C1C2C(CN1)OC3=C(O2)C=CC=C3F,-
337,Fluperlapine,P-,Training,CN1CCN(CC1)C2=NC3=C(CC4=CC=CC=C42)C=CC(=C3)F,-
338,Fluphenazine,P-,Training,OCCN1CCN(CCCN2C3=C(SC4=C2C=C(C=C4)C(F)(F)F)C=CC=C3)CC1,-
339,Flurazepam,P-,Training,CCN(CC)CCN1C(=O)CN=C(C2=C(F)C=CC=C2)C3=C1C=CC(Cl)=C3,-
340,Flurithromycin,P-,Training,CC[C@H]1OC(=O)[C@H](C)[C@@H](O[C@H]2C[C@@](C)(OC)[C@@H](O)[C@H](C)O2)[C@H](C)[C@@H](O[C@@H]3O[C@H](C)C[C@@H]([C@H]3O)N(C)C)[C@](C)(O)C[C@](C)(F)C(=O)[C@H](C)[C@@H](O)[C@]1(C)O,-
341,Flutamide,P-,Training,CC(C)C(=O)NC1=CC(=C(C=C1)[N+]([O-])=O)C(F)(F)F,-
342,Fluticasone,P-,Training,CCC(=O)O[C@@]1([C@H](C)C[C@H]2[C@@H]3C[C@H](F)C4=CC(=O)C=C[C@]4(C)[C@@]3(F)[C@@H](O)C[C@]12C)C(=O)SCF,-
343,Fosphenytoin,P-,Training,OP(O)(=O)OCN1C(=O)N[C@](C1=O)(C2=CC=CC=C2)C3=CC=CC=C3,-
344,Frovatriptan,P-,Training,CN[C@H]1CCC2=C(C1)C3=C(N2)C=CC(=C3)C(N)=O,-
345,Furafylline,P-,Training,CC1=NC2=C(N1)C(=O)N(C(=O)N2CC3=CC=CO3)C,-
346,Galantamine,P-,Training,COC1=CC=C2CN(C)CC[C@@]34C=C[C@H](O)C[C@@H]3OC1=C24,-
347,Gallopamil,P-,Training,COC1=C(OC)C=C(CCN(C)CCC[C@@](C#N)(C(C)C)C2=CC(OC)=C(OC)C(OC)=C2)C=C1,-
348,Ganaxolone,P-,Training,CC(=O)C1CCC2C1(CCC3C2CCC4C3(CCC(C4)(C)O)C)C,-
349,Gatifloxacin,P-,Training,COC1=C(N2CCN[C@@H](C)C2)C(F)=CC3=C1N(C=C(C(O)=O)C3=O)[C@H]4CC4,-
350,Gefitinib,P-,Training,COC1=CC2=NC=NC(NC3=CC=C(F)C(Cl)=C3)=C2C=C1OCCCN4CCOCC4,-
351,Gepirone,P-,Training,CC1(C)CC(=O)N(CCCCN2CCN(CC2)C3=NC=CC=N3)C(=O)C1,-
352,Gestodene,P-,Training,CCC12CCC3C(C1C=CC2(C#C)O)CCC4=CC(=O)CCC34,-
353,Gliclazide,P-,Training,CC1=CC=C(C=C1)S(=O)(=O)NC(=O)NN2C[C@@H]3CCC[C@@H]3C2,-
354,Glimepiride,P-,Training,CCC1=C(C)CN(C(=O)NCCC2=CC=C(C=C2)S(=O)(=O)NC(=O)N[C@@H]3CC[C@@H](C)CC3)C1=O,-
355,Glipizide,P-,Training,CC1=CC=C(N=C1)C(=O)NCCC2=CC=C(C=C2)S(=O)(=O)NC(=O)N[C@H]3CCCCC3,-
356,Glyceryl trinitrate,P-,Training,C(C(CO[N+](=O)[O-])O[N+](=O)[O-])O[N+](=O)[O-],-
357,Granisetron,P-,Training,CN1[C@H]2CCC[C@@H]1C[C@H](C2)NC(=O)C3=NN(C)C4=C3C=CC=C4,-
358,Griseofulvin,P-,Training,COC1=CC(OC)=C2C(=O)[C@]3(OC2=C1Cl)[C@H](C)CC(=O)C=C3OC,-
359,Guanabenz,P-,Training,C1=CC(=C(C(=C1)Cl)C=NN=C(N)N)Cl,-
360,Guanoxan,P-,Training,NC(=N)NC[C@H]1COC2=C(O1)C=CC=C2,-
361,Halofantrine,P-,Training,CCCCN(CCCC)CC[C@H](O)C1=C2C=CC(=CC2=C3C=C(Cl)C=C(Cl)C3=C1)C(F)(F)F,-
362,Halothane,P-,Training,FC(F)(F)[C@@H](Cl)Br,-
363,Hexobarbital,P-,Training,CN1C(O)=NC(=O)[C@@](C)(C2=CCCCC2)C1=O,-
364,Hydralazine,P-,Training,NN=C1NN=CC2=C1C=CC=C2,-
365,Hydrocodone,P-,Training,COC1=CC=C2C[C@@H]3[C@@H]4CCC(=O)[C@@H]5OC1=C2[C@]45CCN3C,-
366,Hydroxyamfetamine,P-,Training,CC(CC1=CC=C(C=C1)O)N,-
367,Hydroxychloroquine,P-,Training,CCN(CCO)CCC[C@@H](C)NC1=CC=NC2=C1C=CC(Cl)=C2,-
368,Hydroxyzine,P-,Training,OCCOCCN1CCN(CC1)[C@H](C2=CC=CC=C2)C3=CC=C(Cl)C=C3,-
369,Ibutilide,P-,Training,CCCCCCCN(CC)CCCC(C1=CC=C(C=C1)NS(=O)(=O)C)O,-
370,Ifosfamide,P-,Training,ClCCN[P@@]1(=O)OCCCN1CCCl,-
371,Iloperidone,P-,Training,CC(=O)C1=CC(=C(C=C1)OCCCN2CCC(CC2)C3=NOC4=C3C=CC(=C4)F)OC,-
372,Imipramine,P-,Training,CN(C)CCCN1C2=C(CCC3=C1C=CC=C3)C=CC=C2,-
373,Imiquimod,P-,Training,CC(C)CN1C=NC2=C(N)N=C3C=CC=CC3=C12,-
374,Isbogrel,P-,Training,C1=CC=C(C=C1)C(=CCCCCC(=O)O)C2=CN=CC=C2,-
375,Isoflurane,P-,Training,FC(F)O[C@@H](Cl)C(F)(F)F,-
376,Isosorbide dinitrate,P-,Training,C1C(C2C(O1)C(CO2)O[N+](=O)[O-])O[N+](=O)[O-],-
377,Ivermectin,P-,Training,CC[C@H](C)[C@H]1O[C@]2(CC[C@@H]1C)C[C@@H]3C[C@@H](CC=C(C)[C@@H](O[C@H]4C[C@H](OC)[C@@H](O[C@H]5C[C@H](OC)[C@@H](O)[C@H](C)O5)[C@H](C)O4)[C@@H](C)C=CC=C6/CO[C@@H]7[C@H](O)C(C)=C[C@@H](C(=O)O3)[C@]67O)O2,-
378,Josamycin,P-,Training,CO[C@H]1[C@@H](CC(=O)O[C@H](C)CC=CC=C[C@H](O)[C@H](C)C[C@H](CC=O)[C@@H]1O[C@@H]2O[C@H](C)[C@@H](O[C@H]3C[C@@](C)(O)[C@@H](OC(=O)CC(C)C)[C@H](C)O3)[C@@H]([C@H]2O)N(C)C)OC(C)=O,-
379,Ketamine,P-,Training,CN[C@]1(CCCCC1=O)C2=C(Cl)C=CC=C2,-
380,Labetalol,P-,Training,C[C@@H](CCC1=CC=CC=C1)NC[C@H](O)C2=CC=C(O)C(=C2)C(N)=O,-
381,Lacidipine,P-,Training,CCOC(=O)C1=C(C)NC(C)=C([C@@H]1C2=C(C=CC=C2)C=CC(=O)OC(C)(C)C)C(=O)OCC,-
382,Lercanidipine,P-,Training,COC(=O)C1=C(C)NC(C)=C([C@H]1C2=CC=CC(=C2)[N+]([O-])=O)C(=O)OC(C)(C)CN(C)CCC(C3=CC=CC=C3)C4=CC=CC=C4,-
383,Letrozole,P-,Training,N#CC1=CC=C(C=C1)C(N2C=NC=N2)C3=CC=C(C=C3)C#N,-
384,Levacetylmethadol,P-,Training,CC[C@H](OC(C)=O)C(C[C@H](C)N(C)C)(C1=CC=CC=C1)C2=CC=CC=C2,-
385,Levobupivacaine,P-,Training,CCCCN1CCCC[C@H]1C(=O)NC2=C(C)C=CC=C2C,-
386,Levomepromazine,P-,Training,COC1=CC2=C(SC3=C(C=CC=C3)N2C[C@H](C)CN(C)C)C=C1,-
387,Levothyroxine sodium,P-,Training,C1=C(C=C(C(=C1I)OC2=CC(=C(C(=C2)I)O)I)I)CC(C(=O)[O-])N.[Na+],-
388,Liarozole,P-,Training,C1=CC(=CC(=C1)Cl)C(C2=CC3=C(C=C2)N=CN3)N4C=CN=C4,-
389,Lidocaine,P-,Training,CCN(CC)CC(=O)NC1=C(C=CC=C1C)C,-
390,Lilopristone,P-,Training,CC12CC(C3=C4CCC(=O)C=C4CCC3C1CCC2(C=CCO)O)C5=CC=C(C=C5)N(C)C,-
391,Linezolid,P-,Training,CC(=O)NCC1CN(C(=O)O1)C2=CC(=C(C=C2)N3CCOCC3)F,-
392,Liothyronine,P-,Training,C1=CC(=C(C=C1OC2=C(C=C(C=C2I)CC(C(=O)O)N)I)I)O,-
393,Lisofylline,P-,Training,CC(CCCCN1C(=O)C2=C(N=CN2C)N(C1=O)C)O,-
394,Lisuride,P-,Training,CCN(CC)C(=O)N[C@@H]1CN(C)[C@@H]2CC3=CNC4=CC=CC(C2=C1)=C34,-
395,Lomefloxacin,P-,Training,CCN1C=C(C(O)=O)C(=O)C2=CC(F)=C(N3CCN[C@H](C)C3)C(F)=C12,-
396,Lomustine,P-,Training,ClCCN(N=O)C(=O)N[C@H]1CCCCC1,-
397,Losigamone,P-,Training,COC1=CC(=O)OC1C(C2=CC=CC=C2Cl)O,-
398,Lumefantrine,P-,Training,CCCCN(CCCC)CC(C1=CC(=CC2=C1C3=C(C2=CC4=CC=C(C=C4)Cl)C=C(C=C3)Cl)Cl)O,-
399,Malathion,P-,Training,CCOC(=O)C[C@H](SP(=S)(OC)OC)C(=O)OCC,-
400,Maprotiline,P-,Training,CNCCC[C@@]12CC[C@@H](C3=C1C=CC=C3)C4=C2C=CC=C4,-
401,m-Chlorophenylpiperazine,P-,Training,C1CN(CCN1)C2=CC(=CC=C2)Cl,-
402,Mebendazole,P-,Training,COC(=O)NC1=NC2=C(N1)C=CC(=C2)C(=O)C3=CC=CC=C3,-
403,Medazepam,P-,Training,CN1CCN=C(C2=CC=CC=C2)C3=C1C=CC(Cl)=C3,-
404,Medroxyprogesterone,P-,Training,C[C@H]1C[C@@H]2[C@H](CC[C@@]3(C)[C@H]2CC[C@]3(O)C(C)=O)[C@@]4(C)CCC(=O)C=C14,-
405,Mefloquine,P-,Training,O[C@H]([C@H]1CCCCN1)C2=CC(=NC3=C2C=CC=C3C(F)(F)F)C(F)(F)F,-
406,Mepacrine,P-,Training,CCN(CC)CCC[C@@H](C)NC1=C2C=C(OC)C=CC2=NC3=CC(Cl)=CC=C13,-
407,Mepyramine,P-,Training,COC1=CC=C(CN(CCN(C)C)C2=CC=CC=N2)C=C1,-
408,Mequitazine,P-,Training,C1CN2CC[C@H]1[C@H](C2)CN3C4=C(SC5=C3C=CC=C5)C=CC=C4,-
409,Metamfetamine,P-,Training,CN[C@@H](C)CC1=CC=CC=C1,-
410,Methaqualone,P-,Training,CC1=C(C=CC=C1)N2C(C)=NC3=C(C=CC=C3)C2=O,-
411,Methiocarb,P-,Training,CC1=CC(=CC(=C1SC)C)OC(=O)NC,-
412,Methomyl,P-,Training,CC(=NOC(=O)NC)SC,-
413,Methoxyflurane,P-,Training,COC(F)(F)C(Cl)Cl,-
414,Methylergometrine,P-,Training,CC[C@@H](CO)NC(=O)[C@H]1CN(C)[C@@H]2CC3=CNC4=CC=CC(C2=C1)=C34,-
415,Methylphenobarbital,P-,Training,CC[C@]1(C(=O)NC(=O)N(C)C1=O)C2=CC=CC=C2,-
416,Methylprednisolone,P-,Training,C[C@H]1C[C@H]2[C@@H]3CC[C@](O)(C(=O)CO)[C@@]3(C)C[C@H](O)[C@@H]2[C@@]4(C)C=CC(=O)C=C14,-
417,Metyrapone,P-,Training,CC(C)(C1=CC=CN=C1)C(=O)C2=CC=CN=C2,-
418,Mevastatin,P-,Training,CCC(C)C(=O)OC1CCC=C2C1C(C(C=C2)C)CCC3CC(CC(=O)O3)O,-
419,Mexazolam,P-,Training,CC1COC2(N1CC(=O)NC3=C2C=C(C=C3)Cl)C4=CC=CC=C4Cl,-
420,Mibefradil,P-,Training,COCC(=O)O[C@]3(CCN(C)CCCC1=NC2=C(N1)C=CC=C2)CCC4=C(C=CC(F)=C4)[C@@H]3C(C)C,-
421,Midecamycin,P-,Training,CCC(=O)O[C@@H]1CC(=O)O[C@@H](C)CC=CC=C[C@@H](O)[C@H](C)C[C@H](CC=O)[C@H](O[C@@H]2O[C@H](C)[C@@H](O[C@H]3C[C@@](C)(O)[C@H](OC(=O)CC)[C@@H](C)O3)[C@@H]([C@H]2O)N(C)C)[C@@H]1OC,-
422,Mifepristone,P-,Training,CC#C[C@]1(O)CC[C@H]2[C@@H]3CCC4=CC(=O)CCC4=C3[C@H](C[C@]12C)C5=CC=C(C=C5)N(C)C,-
423,Milameline,P-,Training,CN1CCC=C(C1)C=NOC,-
424,Milnacipran,P-,Training,CCN(CC)C(=O)C1(CC1CN)C2=CC=CC=C2,-
425,Minaprine,P-,Training,CC1=CC(=NN=C1NCCN2CCOCC2)C3=CC=CC=C3,-
426,Minoxidil,P-,Training,NC1=[N+]([O-])C(N)=NC(=C1)N2CCCCC2,-
427,Mirtazapine,P-,Training,CN1CCN2[C@H](C1)C3=C(CC4=C2N=CC=C4)C=CC=C3,-
428,Mitoxantrone,P-,Training,OCCNCCNC1=CC=C(NCCNCCO)C2=C1C(=O)C3=C(O)C=CC(O)=C3C2=O,-
429,Montelukast,P-,Training,CC(C)(O)C1=C(CC[C@@H](SC[C@]2(CC2)CC(O)=O)C3=CC(=CC=C3)C=CC4=NC5=CC(Cl)=CC=C5C=C4)C=CC=C1,-
430,Moracizine,P-,Training,CCOC(=O)NC1=CC2=C(SC3=C(C=CC=C3)N2C(=O)CCN4CCOCC4)C=C1,-
431,Mosapride,P-,Training,CCOC1=CC(=C(C=C1C(=O)NCC2CN(CCO2)CC3=CC=C(C=C3)F)Cl)N,-
432,Nafcillin,P-,Training,CCOC1=C(C2=CC=CC=C2C=C1)C(=O)NC3C4N(C3=O)C(C(S4)(C)C)C(=O)O,-
433,Nalidixic acid,P-,Training,CCN1C=C(C(=O)C2=C1N=C(C=C2)C)C(=O)O,-
434,Naproxen,P-,Training,COC1=CC2=C(C=C1)C=C(C=C2)[C@H](C)C(O)=O,-
435,Nefazodone,P-,Training,CCC1=NN(CCCN2CCN(CC2)C3=CC(Cl)=CC=C3)C(=O)N1CCOC4=CC=CC=C4,-
436,Nefiracetam,P-,Training,CC1=C(C(=CC=C1)C)NC(=O)CN2CCCC2=O,-
437,Nevirapine,P-,Training,CC1=CC=NC2=C1NC(=O)C3=C(N=CC=C3)N2[C@H]4CC4,-
438,Niclosamide,P-,Training,OC1=C(C=C(Cl)C=C1)C(=O)NC2=C(Cl)C=C(C=C2)[N+]([O-])=O,-
439,Niludipine,P-,Training,CCCOCCOC(=O)C1=C(NC(=C(C1C2=CC(=CC=C2)[N+](=O)[O-])C(=O)OCCOCCC)C)C,-
440,Nilvadipine,P-,Training,COC(=O)C1=C(NC(C)=C([C@H]1C2=CC(=CC=C2)[N+]([O-])=O)C(=O)OC(C)C)C#N,-
441,Nimorazole,P-,Training,C1COCCN1CCN2C=NC=C2[N+](=O)[O-],-
442,Nisoldipine,P-,Training,COC(=O)C1=C(C)NC(C)=C([C@@H]1C2=C(C=CC=C2)[N+]([O-])=O)C(=O)OCC(C)C,-
443,Nitrosamine,P-,Training,NN=O,-
444,Norcodeine,P-,Training,COC1=C2C3=C(CC4C5C3(CCN4)C(O2)C(C=C5)O)C=C1,-
445,Nordazepam,P-,Training,ClC1=CC2=C(NC(=O)CN=C2C3=CC=CC=C3)C=C1,-
446,Norethisterone,P-,Training,C[C@]12CC[C@H]3[C@@H](CCC4=CC(=O)CC[C@H]34)[C@@H]1CC[C@@]2(O)C#C,-
447,Norfloxacin,P-,Training,CCN1C=C(C(O)=O)C(=O)C2=C1C=C(N3CCNCC3)C(F)=C2,-
448,Nortriptyline,P-,Training,CNCCC=C1/C2=C(CCC3=C1C=CC=C3)C=CC=C2,-
449,Ofloxacin,P-,Training,C[C@H]1COC2=C3N1C=C(C(O)=O)C(=O)C3=CC(F)=C2N4CCN(C)CC4,-
450,Olopatadine,P-,Training,CN(C)CCC=C1C2=C(COC3=C1C=C(CC(O)=O)C=C3)C=CC=C2,-
451,Oltipraz,P-,Training,CC1=C(SSC1=S)C2=NC=CN=C2,-
452,Omapatrilat,P-,Training,C1CC(N2C(C1)SCCC(C2=O)NC(=O)C(CC3=CC=CC=C3)S)C(=O)O,-
453,Opipramol,P-,Training,OCCN1CCN(CCCN2C3=C(C=CC=C3)C=CC4=C2C=CC=C4)CC1,-
454,Oxamniquine,P-,Training,CC(C)NC[C@H]1CCC2=C(N1)C=C(C(CO)=C2)[N+]([O-])=O,-
455,Oxcarbazepine,P-,Training,NC(=O)N1C2=C(CC(=O)C3=C1C=CC=C3)C=CC=C2,-
456,Oxiconazole,P-,Training,ClC1=CC(Cl)=C(CON=C(/CN2C=CN=C2)C3=C(Cl)C=C(Cl)C=C3)C=C1,-
457,Oxodipine,P-,Training,CCOC(=O)C1=C(NC(=C(C1C2=C3C(=CC=C2)OCO3)C(=O)OC)C)C,-
458,Oxybutynin,P-,Training,CCN(CC)CC#CCOC(=O)[C@](O)([C@H]1CCCCC1)C2=CC=CC=C2,-
459,Paclitaxel,P-,Training,CC(=O)O[C@H]1C(=O)[C@]2(C)[C@@H](O)C[C@H]3OC[C@@]3(OC(C)=O)[C@H]2[C@H](OC(=O)C4=CC=CC=C4)[C@]5(O)C[C@H](OC(=O)[C@H](O)[C@@H](NC(=O)C6=CC=CC=C6)C7=CC=CC=C7)C(C)=C1C5(C)C,-
460,Pantoprazole,P-,Training,COC1=C(OC)C(CS(=O)C2=NC3=CC(OC(F)F)=CC=C3N2)=NC=C1,-
461,Papaverine,P-,Training,COC1=C(C=C(C=C1)CC2=NC=CC3=CC(=C(C=C32)OC)OC)OC,-
462,Pargyline,P-,Training,CN(CC#C)CC1=CC=CC=C1,-
463,Pefloxacin,P-,Training,CCN1C=C(C(O)=O)C(=O)C2=C1C=C(N3CCN(C)CC3)C(F)=C2,-
464,Pentamidine,P-,Training,C1=CC(=CC=C1C(=N)N)OCCCCCOC2=CC=C(C=C2)C(=N)N,-
465,Pentazocine,P-,Training,CC1C2CC3=C(C1(CCN2CC=C(C)C)C)C=C(C=C3)O,-
466,Pergolide,P-,Training,CCCN1C[C@H](CSC)C[C@H]2[C@H]1CC3=CNC4=CC=CC2=C34,-
467,Perhexiline,P-,Training,C1CC[C@H](CC1)C(C[C@H]2CCCCN2)[C@H]3CCCCC3,-
468,Pethidine,P-,Training,CCOC(=O)[C@@]1(CCN(C)CC1)C2=CC=CC=C2,-
469,Phenacetin,P-,Training,CCOC1=CC=C(NC(C)=O)C=C1,-
470,Phenazone,P-,Training,CN1N(C(=O)C=C1C)C2=CC=CC=C2,-
471,Phencyclidine,P-,Training,C1CCC(CC1)(C2=CC=CC=C2)N3CCCCC3,-
472,Phenformin,P-,Training,NC(=N)NC(=N)NCCC1=CC=CC=C1,-
473,Phenol,P-,Training,OC1=CC=CC=C1,-
474,Phensuximide,P-,Training,CN1C(=O)C[C@@H](C1=O)C2=CC=CC=C2,-
475,Pilocarpine,P-,Training,CC[C@H]1[C@H](COC1=O)CC2=CN=CN2C,-
476,Pimozide,P-,Training,FC1=CC=C(C=C1)C(CCCN2CC[C@@H](CC2)N3C(=O)NC4=C3C=CC=C4)C5=CC=C(F)C=C5,-
477,Pinacidil,P-,Training,C[C@@H](NC(NC#N)=NC1=CC=NC=C1)C(C)(C)C,-
478,Plomestane,P-,Training,CC12CCC3C(C1CCC2=O)CCC4=CC(=O)CCC34CC#C,-
479,Pramipexole,P-,Training,CCCN[C@@H]1CCC2=C(C1)SC(N)=N2,-
480,Pranidipine,P-,Training,CC1=C(C(C(=C(N1)C)C(=O)OCC=CC2=CC=CC=C2)C3=CC(=CC=C3)[N+](=O)[O-])C(=O)OC,-
481,Prasterone,P-,Training,C[C@]12CC[C@H]3[C@@H](CC=C4C[C@@H](O)CC[C@]34C)[C@@H]1CCC2=O,-
482,Praziquantel,P-,Training,O=C1CN(C[C@H]2N1CCC3=C2C=CC=C3)C(=O)[C@H]4CCCCC4,-
483,Prednisone,P-,Training,C[C@]12CC(=O)[C@H]3[C@@H](CCC4=CC(=O)C=C[C@]34C)[C@@H]1CC[C@]2(O)C(=O)CO,-
484,Pregnenolone,P-,Training,CC(=O)C1CCC2C1(CCC3C2CC=C4C3(CCC(C4)O)C)C,-
485,Primaquine,P-,Training,COC1=CC(N[C@H](C)CCCN)=C2N=CC=CC2=C1,-
486,Primidone,P-,Training,CC[C@@]1(C(=O)NCNC1=O)C2=CC=CC=C2,-
487,Procainamide,P-,Training,CCN(CC)CCNC(=O)C1=CC=C(N)C=C1,-
488,Promazine,P-,Training,CN(C)CCCN1C2=C(SC3=C1C=CC=C3)C=CC=C2,-
489,Propafenone,P-,Training,CCCNC[C@@H](O)COC1=C(C=CC=C1)C(=O)CCC2=CC=CC=C2,-
490,Propranolol,P-,Training,CC(C)NC[C@@H](O)COC1=C2C=CC=CC2=CC=C1,-
491,Pyrantel,P-,Training,CN1CCCN=C1C=CC2=CC=CS2,-
492,Pyridostigmine bromide,P-,Training,C[N+]1=CC=CC(=C1)OC(=O)N(C)C.[Br-],-
493,Quinelorane,P-,Training,CCCN1CCCC2C1CC3=CN=C(N=C3C2)N,-
494,Quinine,P-,Training,COC1=CC2=C(C=CN=C2C=C1)C(C3CC4CCN3CC4C=C)O,-
495,Quinupristin,P-,Training,CCC1C(=O)N2CCCC2C(=O)N(C(C(=O)N3CC(C(=O)CC3C(=O)NC(C(=O)OC(C(C(=O)N1)NC(=O)C4=C(C=CC=N4)O)C)C5=CC=CC=C5)CSC6CN7CCC6CC7)CC8=CC=C(C=C8)N(C)C)C,-
496,Raloxifene,P-,Training,OC1=CC=C(C=C1)C2=C(C(=O)C3=CC=C(OCCN4CCCCC4)C=C3)C5=CC=C(O)C=C5S2,-
497,Ranitidine,P-,Training,CNC(NCCSCC1=CC=C(CN(C)C)O1)=C/[N+]([O-])=O,-
498,Ranolazine,P-,Training,CC1=C(C(=CC=C1)C)NC(=O)CN2CCN(CC2)CC(COC3=CC=CC=C3OC)O,-
499,Remacemide,P-,Training,CC(CC1=CC=CC=C1)(C2=CC=CC=C2)NC(=O)CN,-
500,Remoxipride,P-,Training,CCN1CCC[C@H]1CNC(=O)C2=C(OC)C(Br)=CC=C2OC,-
501,Repaglinide,P-,Training,CCOC1=C(C=CC(CC(=O)N[C@@H](CC(C)C)C2=C(C=CC=C2)N3CCCCC3)=C1)C(O)=O,-
502,Reserpine,P-,Training,CO[C@H]1[C@@H](C[C@@H]2CN3CCC4=C(NC5=C4C=CC(OC)=C5)[C@H]3C[C@@H]2[C@@H]1C(=O)OC)OC(=O)C6=CC(OC)=C(OC)C(OC)=C6,-
503,Resiquimod,P-,Training,CCOCC1=NC2=C(N1CC(C)(C)O)C3=CC=CC=C3N=C2N,-
504,Rifabutin,P-,Training,CO[C@H]1C=CO[C@@]2(C)OC3=C(C)C(O)=C4C(=O)C(NC(=O)C(C)=CC=C[C@H](C)[C@H](O)[C@@H](C)[C@@H](O)[C@@H](C)[C@H](OC(C)=O)[C@@H]1C)=C5N[C@]6(CCN(CC6)CC(C)C)N=C5C4=C3C2=O,-
505,Rifampicin,P-,Training,CO[C@H]1C=CO[C@@]2(C)OC3=C(C2=O)C4=C(O)C(C=NN5CCN(C)CC5)=C(NC(=O)C(C)=CC=C[C@H](C)[C@H](O)[C@@H](C)[C@@H](O)[C@@H](C)[C@H](OC(C)=O)[C@@H]1C)C(O)=C4C(O)=C3C,-
506,Rifamycin,P-,Training,CO[C@H]1C=CO[C@]2(C)OC3=C(C2=O)C4=C(O)C=C(NC(=O)C(C)=CC=C[C@H](C)[C@H](O)[C@@H](C)[C@@H](O)[C@@H](C)[C@H](OC(C)=O)[C@@H]1C)C(O)=C4C(O)=C3C,-
507,Rifapentine,P-,Training,CO[C@H]1C=CO[C@@]2(C)OC3=C(C)C(O)=C4C(O)=C(NC(=O)C(C)=CC=C[C@@H](C)[C@@H](O)[C@@H](C)[C@@H](O)[C@@H](C)[C@H](OC(C)=O)[C@H]1C)C(C=NN5CCN(CC5)[C@H]6CCCC6)=C(O)C4=C3C2=O,-
508,Riluzole,P-,Training,NC1=NC2=C(S1)C=C(OC(F)(F)F)C=C2,-
509,Risperidone,P-,Training,CC1=C(CCN2CC[C@H](CC2)C3=NOC4=CC(F)=CC=C34)C(=O)N5CCCCC5=N1,-
510,Rofecoxib,P-,Training,CS(=O)(=O)C1=CC=C(C=C1)C2=C(C(=O)OC2)C3=CC=CC=C3,-
511,Rogletimide,P-,Training,CCC1(CCC(=O)NC1=O)C2=CC=NC=C2,-
512,Rokitamycin,P-,Training,CCCC(=O)O[C@H]1[C@H](C)O[C@H](C[C@@]1(C)OC(=O)CC)O[C@@H]2[C@@H](C)O[C@@H](O[C@H]3[C@@H](CC=O)C[C@@H](C)[C@@H](O)C=CC=CC[C@@H](C)OC(=O)C[C@@H](O)[C@@H]3OC)[C@H](O)[C@H]2N(C)C,-
513,Ropinirole,P-,Training,CCCN(CCC)CCC1=CC=CC2=C1CC(=O)N2,-
514,Roquinimex,P-,Training,CN(C1=CC=CC=C1)C(=O)C2=C(O)C3=C(C=CC=C3)N(C)C2=O,-
515,Rosuvastatin,P-,Training,CC(C)C1=NC(=NC(C2=CC=C(F)C=C2)=C1C=C[C@H](O)C[C@@H](O)CC(O)=O)N(C)S(C)(=O)=O,-
516,Roxatidine,P-,Training,OCC(=O)NCCCOC1=CC=CC(CN2CCCCC2)=C1,-
517,Roxithromycin,P-,Training,CC[C@H]1OC(=O)[C@H](C)[C@@H](O[C@@H]2C[C@](C)(OC)[C@H](O)[C@H](C)O2)[C@H](C)[C@@H](O[C@H]3O[C@@H](C)C[C@@H]([C@@H]3O)N(C)C)[C@](C)(O)C[C@@H](C)C(=N/OCOCCOC)[C@H](C)[C@@H](O)[C@]1(C)O,-
518,Rupatadine,P-,Training,CC1=CC(CN2CCC(CC2)=C3/C4=C(CCC5=C3N=CC=C5)C=C(Cl)C=C4)=CN=C1,-
519,Salbutamol,P-,Training,CC(C)(C)NC[C@@H](O)C1=CC=C(O)C(CO)=C1,-
520,Salicylic acid,P-,Training,C1=CC=C(C(=C1)C(=O)O)O,-
521,Salmeterol,P-,Training,OCC1=C(O)C=CC(=C1)[C@@H](O)CNCCCCCCOCCCCC2=CC=CC=C2,-
522,Secobarbital,P-,Training,CCC[C@@H](C)[C@]1(CC=C)C(=O)NC(=O)NC1=O,-
523,Sertindole,P-,Training,FC1=CC=C(C=C1)N2C=C([C@@H]3CCN(CC3)CCN4CCNC4=O)C5=CC(Cl)=CC=C25,-
524,Sevoflurane,P-,Training,FCOC(C(F)(F)F)C(F)(F)F,-
525,Sibutramine,P-,Training,CC(C)C[C@@H](N(C)C)[C@]1(CCC1)C2=CC=C(Cl)C=C2,-
526,Sirolimus,P-,Training,CO[C@@H]1C[C@@H](CC[C@H]1O)C[C@@H](C)[C@@H]2CC(=O)[C@H](C)C=C(C)[C@@H](O)[C@@H](OC)C(=O)[C@H](C)C[C@H](C)C=CC=CC=C(C)[C@H](C[C@@H]3CC[C@@H](C)[C@@](O)(O3)C(=O)C(=O)N4CCCC[C@H]4C(=O)O2)OC,-
527,Sparteine,P-,Training,C1CCN2C[C@H]3C[C@H](CN4CCCC[C@H]34)[C@@H]2C1,-
528,Spironolactone,P-,Training,CC(=O)S[C@@H]1CC2=CC(=O)CC[C@]2(C)[C@H]3CC[C@@]4(C)[C@@H](CC[C@@]45CCC(=O)O5)[C@H]13,-
529,Sufentanil,P-,Training,CCC(=O)N(C1=CC=CC=C1)[C@]2(CCN(CCC3=CC=CS3)CC2)COC,-
530,Sulfasalazine,P-,Training,OC(=O)C1=C(O)C=CC(=C1)N=NC2=CC=C(C=C2)S(=O)(=O)NC3=CC=CC=N3,-
531,Sulpiride,P-,Training,CCN1CCC[C@H]1CNC(=O)C2=C(OC)C=CC(=C2)S(N)(=O)=O,-
532,Tacrine,P-,Training,NC1=C2CCCCC2=NC3=C1C=CC=C3,-
533,Tacrolimus,P-,Training,CO[C@@H]1C[C@H](CC[C@H]1O)C=C(/C)[C@H]2OC(=O)[C@@H]3CCCCN3C(=O)C(=O)[C@]4(O)O[C@H]([C@H](C[C@@H](C)CC(C)=C[C@@H](CC=C)C(=O)C[C@H](O)[C@H]2C)OC)[C@H](C[C@H]4C)OC,-
534,Tadalafil,P-,Training,CN1CC(=O)N2[C@H](CC3=C(NC4=CC=CC=C34)[C@H]2C5=CC=C6OCOC6=C5)C1=O,-
535,Tamsulosin,P-,Training,CCOC1=C(OCCN[C@H](C)CC2=CC(=C(OC)C=C2)S(N)(=O)=O)C=CC=C1,-
536,Tasosartan,P-,Training,CC1=NC2=C(CCC(=O)N2CC3=CC=C(C=C3)C4=C(C=CC=C4)C5=NN=NN5)C(C)=N1,-
537,Tauromustine,P-,Training,CN(C)S(=O)(=O)CCNC(=O)N(CCCl)N=O,-
538,Tazanolast,P-,Training,CCCCOC(=O)C(=O)NC1=CC=CC(=C1)C2=NNN=N2,-
539,Tazofelone,P-,Training,CC(C)(C)C1=CC(=CC(=C1O)C(C)(C)C)CC2C(=O)NCS2,-
540,Tecastemizole,P-,Training,C1CNCCC1NC2=NC3=CC=CC=C3N2CC4=CC=C(C=C4)F,-
541,Tegafur,P-,Training,FC1=CN([C@H]2CCCO2)C(=O)NC1=O,-
542,Telmisartan,P-,Training,CCCC1=NC2=C(C)C=C(C=C2N1CC3=CC=C(C=C3)C4=C(C=CC=C4)C(O)=O)C5=NC6=CC=CC=C6N5C,-
543,Temazepam,P-,Training,CN1C(=O)[C@H](O)N=C(C2=CC=CC=C2)C3=C1C=CC(Cl)=C3,-
544,Tenofovir,P-,Training,CC(CN1C=NC2=C(N=CN=C21)N)OCP(=O)(O)O,-
545,Terbinafine,P-,Training,CN(CC=CC#CC(C)(C)C)CC1=C2C=CC=CC2=CC=C1,-
546,Testolactone,P-,Training,CC12CCC3C(C1CCC(=O)O2)CCC4=CC(=O)C=CC34C,-
547,Thalidomide,P-,Training,O=C1CC[C@@H](N2C(=O)C3=CC=CC=C3C2=O)C(=O)N1,-
548,Theobromine,P-,Training,CN1C=NC2=C1C(=O)NC(=O)N2C,-
549,Theophylline,P-,Training,CN1C(=O)N(C)C2=C(NC=N2)C1=O,-
550,Thioridazine,P-,Training,CSC1=CC2=C(SC3=C(C=CC=C3)N2CC[C@@H]4CCCCN4C)C=C1,-
551,Thiotepa,P-,Training,S=P(N1CC1)(N2CC2)N3CC3,-
552,Tiagabine,P-,Training,CC1=C(SC=C1)C(=CCCN2CCC[C@H](C2)C(O)=O)C3=C(C)C=CS3,-
553,Tiaramide,P-,Training,C1CN(CCN1CCO)C(=O)CN2C3=C(C=CC(=C3)Cl)SC2=O,-
554,Timolol,P-,Training,CC(C)(C)NC[C@H](O)COC1=NSN=C1N2CCOCC2,-
555,Timoprazole,P-,Training,C1=CC=C2C(=C1)NC(=N2)S(=O)CC3=CC=CC=N3,-
556,Tinidazole,P-,Training,CCS(=O)(=O)CCN1C(C)=NC=C1[N+]([O-])=O,-
557,Tiotixene,P-,Training,CN1CCN(CCC=C2C3=C(SC4=C2C=C(C=C4)S(=O)(=O)N(C)C)C=CC=C3)CC1,-
558,Tipranavir,P-,Training,CCCC1(CC(=C(C(=O)O1)C(CC)C2=CC(=CC=C2)NS(=O)(=O)C3=NC=C(C=C3)C(F)(F)F)O)CCC4=CC=CC=C4,-
559,Tirilazad,P-,Training,C[C@@H]1C[C@H]2[C@@H]3CCC4=CC(=O)C=C[C@]4(C)C3=CC[C@]2(C)[C@H]1C(=O)CN5CCN(CC5)C6=CC(=NC(=N6)N7CCCC7)N8CCCC8,-
560,Tocainide,P-,Training,C[C@H](N)C(=O)NC1=C(C)C=CC=C1C,-
561,Tolperisone,P-,Training,C[C@H](CN1CCCCC1)C(=O)C2=CC=C(C)C=C2,-
562,Tolterodine,P-,Training,CC(C)N(CC[C@@H](C1=CC=CC=C1)C2=CC(C)=CC=C2O)C(C)C,-
563,Toluene,P-,Training,CC1=CC=CC=C1,-
564,Topiramate,P-,Training,CC1(C)O[C@H]2CO[C@]3(COS(N)(=O)=O)OC(C)(C)O[C@H]3[C@H]2O1,-
565,Torasemide,P-,Training,CC(C)NC(=O)NS(=O)(=O)C1=C(NC2=CC(C)=CC=C2)C=CN=C1,-
566,Toremifene,P-,Training,CN(C)CCOC1=CC=C(C=C1)C(=C(CCCl)C2=CC=CC=C2)C3=CC=CC=C3,-
567,Trapidil,P-,Training,CCN(CC)C1=CC(=NC2=NC=NN12)C,-
568,Trazodone,P-,Training,ClC1=CC=CC(=C1)N2CCN(CCCN3N=C4C=CC=CN4C3=O)CC2,-
569,Tretinoin,P-,Training,CC1=C(C=CC(C)=CC=CC(C)=CC(O)=O)C(C)(C)CCC1,-
570,Triazolam,P-,Training,CC1=NN=C2CN=C(C3=C(Cl)C=CC=C3)C4=C(C=CC(Cl)=C4)N12,-
571,Trichloroethylene,P-,Training,ClC=C(Cl)Cl,-
572,Trichloromethane,P-,Training,C(Cl)(Cl)Cl,-
573,Trifluperidol,P-,Training,O[C@@]1(CCN(CCCC(=O)C2=CC=C(F)C=C2)CC1)C3=CC(=CC=C3)C(F)(F)F,-
574,Trimetazidine,P-,Training,COC1=C(C(=C(C=C1)CN2CCNCC2)OC)OC,-
575,Trimethadione,P-,Training,CN1C(=O)OC(C)(C)C1=O,-
576,Trimetrexate,P-,Training,CC1=C(C=CC2=C1C(=NC(=N2)N)N)CNC3=CC(=C(C(=C3)OC)OC)OC,-
577,Trimipramine,P-,Training,C[C@H](CN(C)C)CN1C2=C(CCC3=C1C=CC=C3)C=CC=C2,-
578,Tripelennamine,P-,Training,CN(C)CCN(CC1=CC=CC=C1)C2=CC=CC=N2,-
579,Triprolidine,P-,Training,CC1=CC=C(C=C1)C(=C/CN2CCCC2)C3=CC=CC=N3,-
580,Trofosfamide,P-,Training,ClCCN(CCCl)[P@]1(=O)OCCCN1CCCl,-
581,Troleandomycin,P-,Training,CO[C@H]1C[C@@H](O[C@@H](C)[C@@H]1OC(C)=O)O[C@H]2[C@H](C)[C@@H](O[C@@H]3O[C@H](C)C[C@@H]([C@H]3OC(C)=O)N(C)C)[C@@H](C)C[C@@]4(CO4)C(=O)[C@H](C)[C@H](OC(C)=O)[C@@H](C)[C@@H](C)OC(=O)[C@@H]2C,-
582,Trospium chloride,P-,Training,C1CC[N+]2(C1)C3CCC2CC(C3)OC(=O)C(C4=CC=CC=C4)(C5=CC=CC=C5)O.[Cl-],-
583,Valspodar,P-,Training,CC=CCC(C)C(=O)C1C(=O)NC(C(=O)N(CC(=O)N(C(C(=O)NC(C(=O)N(C(C(=O)NC(C(=O)NC(C(=O)N(C(C(=O)N(C(C(=O)N(C(C(=O)N1C)C(C)C)C)CC(C)C)C)CC(C)C)C)C)C)CC(C)C)C)C(C)C)CC(C)C)C)C)C(C)C,-
584,Vanoxerine,P-,Training,C1CN(CCN1CCCC2=CC=CC=C2)CCOC(C3=CC=C(C=C3)F)C4=CC=C(C=C4)F,-
585,Venlafaxine,P-,Training,COC1=CC=C(C=C1)[C@@H](CN(C)C)[C@@]2(O)CCCCC2,-
586,Vesnarinone,P-,Training,COC1=C(C=C(C=C1)C(=O)N2CCN(CC2)C3=CC4=C(C=C3)NC(=O)CC4)OC,-
587,Vincristine,P-,Training,CC[C@]1(O)C[C@H]2CN(CCC3=C(NC4=C3C=CC=C4)[C@@](C2)(C(=O)OC)C5=CC6=C(C=C5OC)N(C=O)[C@H]7[C@](O)([C@H](OC(C)=O)[C@]8(CC)C=CCN9CC[C@]67[C@H]89)C(=O)OC)C1,-
588,Vindesine,P-,Training,CC[C@]1(O)C[C@H]2CN(CCC3=C(NC4=C3C=CC=C4)[C@@](C2)(C(=O)OC)C5=CC6=C(C=C5OC)N(C)[C@H]7[C@](O)([C@H](O)[C@]8(CC)C=CCN9CC[C@]67[C@H]89)C(N)=O)C1,-
589,Vinorelbine,P-,Training,CCC1=C[C@@H]2CN(C1)CC3=C(NC4=C3C=CC=C4)[C@@](C2)(C(=O)OC)C5=C(OC)C=C6N(C)[C@H]7[C@](O)([C@H](OC(C)=O)[C@]8(CC)C=CCN9CC[C@]7([C@H]89)C6=C5)C(=O)OC,-
590,Vorozole,P-,Training,CN1N=NC2=C1C=C(C=C2)[C@@H](N3C=NC=N3)C4=CC=C(Cl)C=C4,-
591,Yohimbine,P-,Training,COC(=O)C1C(CCC2C1CC3C4=C(CCN3C2)C5=CC=CC=C5N4)O,-
592,Zaleplon,P-,Training,CCN(C(C)=O)C1=CC=CC(=C1)C2=CC=NC3=C(C=NN23)C#N,-
593,Zatosetron,P-,Training,CC1(CC2=C(O1)C(=CC(=C2)Cl)C(=O)NC3CC4CCC(C3)N4C)C,-
594,Zidovudine,P-,Training,CC1=CN([C@H]2C[C@H](N=[N+]=[N-])[C@@H](CO)O2)C(=O)NC1=O,-
595,Ziprasidone,P-,Training,ClC1=CC2=C(CC(=O)N2)C=C1CCN3CCN(CC3)C4=NSC5=CC=CC=C45,-
596,Zolmitriptan,P-,Training,CN(C)CCC1=CNC2=C1C=C(C[C@H]3COC(=O)N3)C=C2,-
597,Zonisamide,P-,Training,NS(=O)(=O)CC1=NOC2=C1C=CC=C2,-
598,Zopiclone,P-,Training,CN1CCN(CC1)C(=O)O[C@H]2N(C(=O)C3=NC=CN=C23)C4=CC=C(Cl)C=N4,-
599,Zotepine,P-,Training,CN(C)CCOC1=CC2=CC=CC=C2SC3=C1C=C(Cl)C=C3,-
600,Zoxazolamine,P-,Training,C1=CC2=C(C=C1Cl)N=C(O2)N,-
601,Zuclopenthixol,P-,Training,OCCN1CCN(CCC=C2C3=CC=CC=C3SC4=C2C=C(Cl)C=C4)CC1,-
602,Benidipine,P+,Validation,COC(=O)C1=C(C)NC(C)=C([C@H]1C2=CC(=CC=C2)[N+]([O-])=O)C(=O)O[C@@H]3CCCN(C3)CC4=CC=CC=C4,Inhibitor
603,Carbamazepine,P+,Validation,NC(=O)N1C2=C(C=CC=C2)C=CC3=C1C=CC=C3,Inhibitor
604,Ketoprofen,P+,Validation,C[C@H](C(O)=O)C1=CC(=CC=C1)C(=O)C2=CC=CC=C2,Inhibitor
605,Lopinavir,P+,Validation,CC(C)[C@H](N1CCCNC1=O)C(=O)N[C@H](C[C@H](O)[C@H](CC2=CC=CC=C2)NC(=O)COC3=C(C)C=CC=C3C)CC4=CC=CC=C4,Inhibitor
606,Lornoxicam,P+,Validation,CN1C(C(=O)NC2=CC=CC=N2)=C(O)C3=C(C=C(Cl)S3)S1(=O)=O,Inhibitor
607,Losartan,P+,Validation,CCCCC1=NC(Cl)=C(CO)N1CC2=CC=C(C=C2)C3=C(C=CC=C3)C4=NN=NN4,Inhibitor
608,Meloxicam,P+,Validation,CN1C(C(=O)NC2=NC=C(C)S2)=C(O)C3=CC=CC=C3S1(=O)=O,Inhibitor
609,Norfluoxetine,P+,Validation,C1=CC=C(C=C1)C(CCN)OC2=CC=C(C=C2)C(F)(F)F,Inhibitor
610,Pioglitazone,P+,Validation,CCC1=CC=C(CCOC2=CC=C(C[C@@H]3SC(=O)NC3=O)C=C2)N=C1,Inhibitor
611,Stiripentol,P+,Validation,CC(C)(C)C(C=CC1=CC2=C(C=C1)OCO2)O,Inhibitor
612,Sulconazole,P+,Validation,ClC1=CC=C(CS[C@H](CN2C=CN=C2)C3=C(Cl)C=C(Cl)C=C3)C=C1,Inhibitor
613,Sulfadiazine,P+,Validation,NC1=CC=C(C=C1)S(=O)(=O)NC2=NC=CC=N2,Inhibitor
614,Sulfadoxine,P+,Validation,COC1=C(N=CN=C1OC)NS(=O)(=O)C2=CC=C(C=C2)N,Inhibitor
615,Sulfamerazine,P+,Validation,CC1=NC(=NC=C1)NS(=O)(=O)C2=CC=C(C=C2)N,Inhibitor
616,Sulfamethizole,P+,Validation,CC1=NN=C(NS(=O)(=O)C2=CC=C(N)C=C2)S1,Inhibitor
617,Sulfatroxazole,P+,Validation,CC1=C(ON=C1NS(=O)(=O)C2=CC=C(C=C2)N)C,Inhibitor
618,Sulindac,P+,Validation,CC1=C(CC(O)=O)C2=C(C=CC(F)=C2)C1=C/C3=CC=C(C=C3)S(C)=O,Inhibitor
619,Warfarin,P+,Validation,CC(=O)C[C@H](C1=CC=CC=C1)C2=C(O)C3=C(OC2=O)C=CC=C3,Inhibitor
620,Abiraterone,P-,Validation,CC12CCC(CC1=CCC3C2CCC4(C3CC=C4C5=CN=CC=C5)C)O,-
621,Alfentanil,P-,Validation,CCN1N=NN(CCN2CC[C@](CC2)(COC)N(C(=O)CC)C3=CC=CC=C3)C1=O,-
622,Almotriptan,P-,Validation,CN(C)CCC1=CNC2=C1C=C(CS(=O)(=O)N3CCCC3)C=C2,-
623,Alprazolam,P-,Validation,CC1=NN=C2CN=C(C3=CC=CC=C3)C4=C(C=CC(Cl)=C4)N12,-
624,Amifloxacin,P-,Validation,CNN1C=C(C(=O)C2=CC(=C(C=C21)N3CCN(CC3)C)F)C(=O)O,-
625,Aminoglutethimide,P-,Validation,CCC1(CCC(=O)NC1=O)C2=CC=C(C=C2)N,-
626,Aranidipine,P-,Validation,CC1=C(C(C(=C(N1)C)C(=O)OCC(=O)C)C2=CC=CC=C2[N+](=O)[O-])C(=O)OC,-
627,Atamestane,P-,Validation,CC1=CC(=O)C=C2C1(C3CCC4(C(C3CC2)CCC4=O)C)C,-
628,Beclometasone,P-,Validation,C[C@H]1C[C@H]2[C@@H]3CCC4=CC(=O)C=C[C@]4(C)[C@@]3(Cl)[C@@H](O)C[C@]2(C)[C@@]1(O)C(=O)CO,-
629,Bisoprolol,P-,Validation,CC(C)NC[C@@H](O)COC1=CC=C(COCCOC(C)C)C=C1,-
630,Bunitrolol,P-,Validation,CC(C)(C)NCC(COC1=CC=CC=C1C#N)O,-
631,Buspirone,P-,Validation,O=C1C[C@]2(CCCC2)CC(=O)N1CCCCN3CCN(CC3)C4=NC=CC=N4,-
632,Cetirizine,P-,Validation,OC(=O)COCCN1CCN(CC1)[C@H](C2=CC=CC=C2)C3=CC=C(Cl)C=C3,-
633,Chloroquine,P-,Validation,CCN(CC)CCC[C@@H](C)NC1=CC=NC2=C1C=CC(Cl)=C2,-
634,Cinnarizine,P-,Validation,C1CN(CCN1CC=CC2=CC=CC=C2)C(C3=CC=CC=C3)C4=CC=CC=C4,-
635,Cisapride,P-,Validation,CO[C@@H]1CN(CCCOC2=CC=C(F)C=C2)CC[C@H]1NC(=O)C3=C(OC)C=C(N)C(Cl)=C3,-
636,Clonazepam,P-,Validation,[O-][N+](=O)C1=CC2=C(NC(=O)CN=C2C3=C(Cl)C=CC=C3)C=C1,-
637,Cortisol,P-,Validation,CC12CCC(=O)C=C1CCC3C2C(CC4(C3CCC4(C(=O)CO)O)C)O,-
638,Desipramine,P-,Validation,CNCCCN1C2=C(CCC3=C1C=CC=C3)C=CC=C2,-
639,Dexamethasone,P-,Validation,C[C@@H]1C[C@H]2[C@@H]3CCC4=CC(=O)C=C[C@]4(C)[C@@]3(F)[C@@H](O)C[C@]2(C)[C@@]1(O)C(=O)CO,-
640,Diazepam,P-,Validation,CN1C(=O)CN=C(C2=CC=CC=C2)C3=C1C=CC(Cl)=C3,-
641,Dihydrocodeine,P-,Validation,COC1=CC=C2C[C@@H]3[C@@H]4CC[C@H](O)[C@@H]5OC1=C2[C@]45CCN3C,-
642,Dipotassium clorazepate,P-,Validation,C1=CC=C(C=C1)C2=NC(C(=O)NC3=C2C=C(C=C3)Cl)C(=O)O.[OH-].[K+].[K+],-
643,Domperidone,P-,Validation,ClC1=CC2=C(C=C1)N([C@@H]3CCN(CCCN4C(=O)NC5=C4C=CC=C5)CC3)C(=O)N2,-
644,Doxorubicin,P-,Validation,COC1=CC=CC2=C1C(=O)C3=C(O)C4=C(C[C@](O)(C[C@@H]4O[C@H]5C[C@H](N)[C@H](O)[C@H](C)O5)C(=O)CO)C(O)=C3C2=O,-
645,Enoxacin,P-,Validation,CCN1C=C(C(O)=O)C(=O)C2=C1N=C(N3CCNCC3)C(F)=C2,-
646,Ergometrine,P-,Validation,C[C@@H](CO)NC(=O)[C@H]1CN(C)[C@@H]2CC3=CNC4=CC=CC(C2=C1)=C34,-
647,Erythromycin,P-,Validation,CC[C@H]1OC(=O)[C@H](C)[C@@H](O[C@H]2C[C@@](C)(OC)[C@@H](O)[C@H](C)O2)[C@H](C)[C@@H](O[C@H]3O[C@@H](C)C[C@H]([C@@H]3O)N(C)C)[C@](C)(O)C[C@@H](C)C(=O)[C@H](C)[C@@H](O)[C@]1(C)O,-
648,Estrone,P-,Validation,C[C@]12CC[C@H]3[C@@H](CCC4=C3C=CC(O)=C4)[C@@H]1CCC2=O,-
649,Ethotoin,P-,Validation,CCN1C(=O)N[C@H](C1=O)C2=CC=CC=C2,-
650,Grepafloxacin,P-,Validation,C[C@H]1CN(CCN1)C2=C(F)C(C)=C3C(=O)C(=CN([C@@H]4CC4)C3=C2)C(O)=O,-
651,Haloperidol,P-,Validation,O[C@@]1(CCN(CCCC(=O)C2=CC=C(F)C=C2)CC1)C3=CC=C(Cl)C=C3,-
652,Homochlorcyclizine,P-,Validation,CN1CCCN(CC1)C(C2=CC=CC=C2)C3=CC=C(C=C3)Cl,-
653,Hydrocortisone,P-,Validation,C[C@]12CCC(=O)C=C1CC[C@H]3[C@@H]4CC[C@](O)(C(=O)CO)[C@@]4(C)C[C@H](O)[C@H]23,-
654,Hydroquinidine,P-,Validation,CCC1CN2CCC1CC2C(C3=C4C=C(C=CC4=NC=C3)OC)O,-
655,Indoramin,P-,Validation,O=C(N[C@H]1CCN(CC1)CCC2=CNC3=C2C=CC=C3)C4=CC=CC=C4,-
656,Isoconazole,P-,Validation,ClC1=CC(Cl)=C(C=C1)[C@H](CN2C=CN=C2)OCC3=C(Cl)C=CC=C3Cl,-
657,Levofloxacin,P-,Validation,C[C@H]1COC2=C3N1C=C(C(O)=O)C(=O)C3=CC(F)=C2N4CCN(C)CC4,-
658,Levonorgestrel,P-,Validation,CC[C@]12CC[C@H]3[C@@H](CCC4=CC(=O)CC[C@H]34)[C@@H]1CC[C@@]2(O)C#C,-
659,Litoxetine,P-,Validation,C1CNCCC1OCC2=CC3=CC=CC=C3C=C2,-
660,Lobeline,P-,Validation,CN1C(CCCC1CC(=O)C2=CC=CC=C2)CC(C3=CC=CC=C3)O,-
661,Medifoxamine,P-,Validation,CN(C)CC(OC1=CC=CC=C1)OC2=CC=CC=C2,-
662,Mestranol,P-,Validation,CC12CCC3C(C1CCC2(C#C)O)CCC4=C3C=CC(=C4)OC,-
663,Methadone,P-,Validation,CCC(=O)C(C[C@H](C)N(C)C)(C1=CC=CC=C1)C2=CC=CC=C2,-
664,Methylphenidate,P-,Validation,COC(=O)[C@@H]([C@H]1CCCCN1)C2=CC=CC=C2,-
665,Metoclopramide,P-,Validation,CCN(CC)CCNC(=O)C1=C(OC)C=C(N)C(Cl)=C1,-
666,Metoprolol,P-,Validation,COCCC1=CC=C(OC[C@H](O)CNC(C)C)C=C1,-
667,Mexiletine,P-,Validation,C[C@H](N)COC1=C(C)C=CC=C1C,-
668,Mianserin,P-,Validation,CN1CCN2[C@H](C1)C3=C(CC4=C2C=CC=C4)C=CC=C3,-
669,Molindone,P-,Validation,CCC1=C(NC2=C1C(=O)C(CC2)CN3CCOCC3)C,-
670,Morphine,P-,Validation,CN1CC[C@@]23[C@H]4OC5=C2C(C[C@@H]1[C@@H]3C=C[C@@H]4O)=CC=C5O,-
671,Nicotine,P-,Validation,CN1CCC[C@H]1C2=CC=CN=C2,-
672,Nilutamide,P-,Validation,CC1(C)NC(=O)N(C2=CC(=C(C=C2)[N+]([O-])=O)C(F)(F)F)C1=O,-
673,Onapristone,P-,Validation,CC12CC(C3=C4CCC(=O)C=C4CCC3C1CCC2(CCCO)O)C5=CC=C(C=C5)N(C)C,-
674,Oxomemazine,P-,Validation,C[C@H](CN(C)C)CN1C2=C(C=CC=C2)S(=O)(=O)C3=C1C=CC=C3,-
675,Oxprenolol,P-,Validation,CC(C)NC[C@@H](O)COC1=C(OCC=C)C=CC=C1,-
676,Oxycodone,P-,Validation,COC1=CC=C2C[C@H]3N(C)CC[C@@]45[C@@H](OC1=C24)C(=O)CC[C@@]35O,-
677,Paracetamol,P-,Validation,CC(=O)NC1=CC=C(O)C=C1,-
678,Paraxanthine,P-,Validation,CN1C=NC2=C1C(=O)N(C(=O)N2)C,-
679,Penbutolol,P-,Validation,CC(C)(C)NCC(COC1=CC=CC=C1C2CCCC2)O,-
680,Pentobarbital,P-,Validation,CCC[C@@H](C)[C@@]1(CC)C(=O)NC(=O)NC1=O,-
681,Pentoxifylline,P-,Validation,CN1C=NC2=C1C(=O)N(CCCCC(C)=O)C(=O)N2C,-
682,Perospirone,P-,Validation,C1CCC2C(C1)C(=O)N(C2=O)CCCCN3CCN(CC3)C4=NSC5=CC=CC=C54,-
683,Phenobarbital,P-,Validation,CC[C@@]1(C(=O)NC(=O)NC1=O)C2=CC=CC=C2,-
684,Pilsicainide,P-,Validation,CC1=C(C(=CC=C1)C)NC(=O)CC23CCCN2CCC3,-
685,Pimobendan,P-,Validation,CC1CC(=O)NN=C1C2=CC3=C(C=C2)N=C(N3)C4=CC=C(C=C4)OC,-
686,Pindolol,P-,Validation,CC(C)NC[C@@H](O)COC1=CC=CC2=C1C=CN2,-
687,Pipemidic acid,P-,Validation,CCN1C=C(C(=O)C2=CN=C(N=C21)N3CCNCC3)C(=O)O,-
688,Prednisolone,P-,Validation,C[C@]12C[C@H](O)[C@H]3[C@@H](CCC4=CC(=O)C=C[C@]34C)[C@@H]1CC[C@]2(O)C(=O)CO,-
689,Proguanil,P-,Validation,CC(C)NC(=N)NC(=N)NC1=CC=C(Cl)C=C1,-
690,Promethazine,P-,Validation,C[C@@H](CN1C2=C(SC3=C1C=CC=C3)C=CC=C2)N(C)C,-
691,Reboxetine,P-,Validation,CCOC1=CC=CC=C1O[C@H]([C@@H]2CNCCO2)C3=CC=CC=C3,-
692,Ropivacaine,P-,Validation,CCCN1CCCC[C@H]1C(=O)NC2=C(C)C=CC=C2C,-
693,Styrene,P-,Validation,C=CC1=CC=CC=C1,-
694,Terguride,P-,Validation,CCN(CC)C(=O)NC1CC2C(CC3=CNC4=CC=CC2=C34)N(C1)C,-
695,Testosterone,P-,Validation,CCC(=O)O[C@H]1CC[C@H]2[C@@H]3CCC4=CC(=O)CC[C@]4(C)[C@H]3CC[C@]12C,-
696,Tetracycline,P-,Validation,CN(C)[C@H]1[C@@H]2C[C@@H]3C(=C(O)[C@]2(O)C(=O)C(C(N)=O)=C1O)C(=O)C4=C(O)C=CC=C4[C@@]3(C)O,-
697,Tramadol,P-,Validation,COC1=CC=CC(=C1)[C@@]2(O)CCCC[C@@H]2CN(C)C,-
698,Tranylcypromine,P-,Validation,N[C@H]1C[C@@H]1C2=CC=CC=C2,-
699,Trifluoperazine,P-,Validation,CN1CCN(CCCN2C3=C(SC4=C2C=C(C=C4)C(F)(F)F)C=CC=C3)CC1,-
700,Tropisetron,P-,Validation,CN1C2CCC1CC(C2)OC(=O)C3=CNC4=C3C=CC=C4,-
701,Vinblastine,P-,Validation,CC[C@]1(O)C[C@@H]2CN(CCC3=C(NC4=C3C=CC=C4)[C@@](C2)(C(=O)OC)C5=CC6=C(C=C5OC)N(C)[C@H]7[C@](O)([C@H](OC(C)=O)[C@]8(CC)C=CCN9CC[C@]67[C@H]89)C(=O)OC)C1,-
